plot,block,treatment,harvest.date1,harvest.data1,harvest.1,harvest.date2,harvest.data2,harvest.2,harvest.date3,harvest.data3,harvest.3,count.dates,quadrat,wh.coty,wh.0.2,wh.2.4,wh.4.12,wh.12,total,l4.no,g4.no,recruit.no,total.recruit,total.recruit.data,total.no.repro,total.flower.data,survival.proportions,survival.data,germ.seeds,germ.data
104,b1,fall wheat cc mix,8/2/22,yes,13.6,na,no,na,na,no,na,6/1/22,1M,80,44,0,0,0,124,124,0,124,,no,,no,,no,14,yes
104,b1,fall wheat cc mix,8/2/22,yes,13.6,na,no,na,na,no,na,6/9/22,1M,136,16,0,0,0,152,152,0,28,,no,,no,,no,14,yes
104,b1,fall wheat cc mix,8/2/22,yes,13.6,na,no,na,na,no,na,6/17/22,1M,4,8,0,0,0,12,12,0,0,,no,,no,,no,14,yes
104,b1,fall wheat cc mix,8/2/22,yes,13.6,na,no,na,na,no,na,6/23/22,1M,8,0,0,0,0,8,8,0,0,,no,,no,,no,14,yes
104,b1,fall wheat cc mix,8/2/22,yes,13.6,na,no,na,na,no,na,6/30/22,1M,0,0,0,0,0,0,0,0,0,,no,,no,,no,,
104,b1,fall wheat cc mix,8/2/22,yes,13.6,na,no,na,na,no,na,7/8/22,1M,0,8,4,0,0,12,12,0,12,,no,,no,,no,,
104,b1,fall wheat cc mix,8/2/22,yes,13.6,na,no,na,na,no,na,7/11/22,1M,4,12,0,0,0,16,16,0,4,,no,,no,,no,,
104,b1,fall wheat cc mix,8/2/22,yes,13.6,na,no,na,na,no,na,8/9/22,1M,0,0,8,8,0,16,8,8,0,,no,,no,,no,,
104,b1,fall wheat cc mix,8/2/22,yes,13.6,na,no,na,na,no,na,9/8/22,1M,20,0,0,0,0,20,20,0,12,,no,,no,,no,,
104,b1,fall wheat cc mix,8/2/22,yes,13.6,na,no,na,na,no,na,10/12/22,1M,0,0,0,0,0,0,0,0,0,180,yes,0,yes,0,yes,,
201,b2,fall wheat cc mix,8/2/22,yes,1.6,na,no,na,na,no,na,6/1/22,1M,0,12,0,0,0,12,12,0,12,,no,,no,,no,,
201,b2,fall wheat cc mix,8/2/22,yes,1.6,na,no,na,na,no,na,6/9/22,1M,0,0,0,0,0,0,0,0,0,,no,,no,,no,,
201,b2,fall wheat cc mix,8/2/22,yes,1.6,na,no,na,na,no,na,6/17/22,1M,0,0,0,0,0,0,0,0,0,,no,,no,,no,,
201,b2,fall wheat cc mix,8/2/22,yes,1.6,na,no,na,na,no,na,6/23/22,1M,0,0,0,0,0,0,0,0,0,,no,,no,,no,,
201,b2,fall wheat cc mix,8/2/22,yes,1.6,na,no,na,na,no,na,6/30/22,1M,0,0,0,0,0,0,0,0,0,,no,,no,,no,,
201,b2,fall wheat cc mix,8/2/22,yes,1.6,na,no,na,na,no,na,7/8/22,1M,0,0,0,0,0,0,0,0,0,,no,,no,,no,,
201,b2,fall wheat cc mix,8/2/22,yes,1.6,na,no,na,na,no,na,7/11/22,1M,0,0,0,4,0,4,0,4,0,,no,,no,,no,,
201,b2,fall wheat cc mix,8/2/22,yes,1.6,na,no,na,na,no,na,8/9/22,1M,0,0,0,0,0,0,0,0,0,,no,,no,,no,,
201,b2,fall wheat cc mix,8/2/22,yes,1.6,na,no,na,na,no,na,9/8/22,1M,0,0,0,12,0,12,0,12,0,,no,,no,,no,,
201,b2,fall wheat cc mix,8/2/22,yes,1.6,na,no,na,na,no,na,10/12/22,1M,0,0,0,0,0,0,0,0,0,12,yes,0,yes,0,yes,,
303,b3,fall wheat cc mix,8/2/22,yes,30,na,no,na,na,no,na,6/1/22,1M,4,8,0,0,0,12,12,0,12,,no,,no,,no,,
303,b3,fall wheat cc mix,8/2/22,yes,30,na,no,na,na,no,na,6/9/22,1M,8,0,0,0,0,8,8,0,0,,no,,no,,no,,
303,b3,fall wheat cc mix,8/2/22,yes,30,na,no,na,na,no,na,6/17/22,1M,0,0,0,0,0,0,0,0,0,,no,,no,,no,,
303,b3,fall wheat cc mix,8/2/22,yes,30,na,no,na,na,no,na,6/23/22,1M,0,0,0,0,0,0,0,0,0,,no,,no,,no,,
303,b3,fall wheat cc mix,8/2/22,yes,30,na,no,na,na,no,na,6/30/22,1M,0,0,0,0,0,0,0,0,0,,no,,no,,no,,
303,b3,fall wheat cc mix,8/2/22,yes,30,na,no,na,na,no,na,7/8/22,1M,4,4,0,0,0,8,8,0,8,,no,,no,,no,,
303,b3,fall wheat cc mix,8/2/22,yes,30,na,no,na,na,no,na,7/11/22,1M,0,12,0,0,0,12,12,0,4,,no,,no,,no,,
303,b3,fall wheat cc mix,8/2/22,yes,30,na,no,na,na,no,na,8/9/22,1M,0,4,4,0,0,8,8,0,0,,no,,no,,no,,
303,b3,fall wheat cc mix,8/2/22,yes,30,na,no,na,na,no,na,9/8/22,1M,0,0,0,0,0,0,0,0,0,,no,,no,,no,,
303,b3,fall wheat cc mix,8/2/22,yes,30,na,no,na,na,no,na,10/12/22,1M,0,0,0,0,0,0,0,0,0,24,yes,0,yes,0,yes,,
406,b4,fall wheat cc mix,8/2/22,yes,43.8,na,no,na,na,no,na,6/1/22,1M,8,0,0,0,0,8,8,0,8,,no,,no,,no,,
406,b4,fall wheat cc mix,8/2/22,yes,43.8,na,no,na,na,no,na,6/9/22,1M,0,0,0,0,0,0,0,0,0,,no,,no,,no,,
406,b4,fall wheat cc mix,8/2/22,yes,43.8,na,no,na,na,no,na,6/17/22,1M,0,0,0,0,0,0,0,0,0,,no,,no,,no,,
406,b4,fall wheat cc mix,8/2/22,yes,43.8,na,no,na,na,no,na,6/23/22,1M,0,0,0,0,0,0,0,0,0,,no,,no,,no,,
406,b4,fall wheat cc mix,8/2/22,yes,43.8,na,no,na,na,no,na,6/30/22,1M,0,0,0,0,0,0,0,0,0,,no,,no,,no,,
406,b4,fall wheat cc mix,8/2/22,yes,43.8,na,no,na,na,no,na,7/8/22,1M,0,0,0,0,0,0,0,0,0,,no,,no,,no,,
406,b4,fall wheat cc mix,8/2/22,yes,43.8,na,no,na,na,no,na,7/11/22,1M,0,0,0,0,0,0,0,0,0,,no,,no,,no,,
406,b4,fall wheat cc mix,8/2/22,yes,43.8,na,no,na,na,no,na,8/9/22,1M,0,4,0,0,0,4,4,0,4,,no,,no,,no,,
406,b4,fall wheat cc mix,8/2/22,yes,43.8,na,no,na,na,no,na,9/8/22,1M,0,0,0,0,0,0,0,0,0,,no,,no,,no,,
406,b4,fall wheat cc mix,8/2/22,yes,43.8,na,no,na,na,no,na,10/12/22,1M,0,0,0,0,0,0,0,0,0,12,yes,0,yes,0,yes,,
103,b1,fall wheat clover,8/2/22,yes,7.6,9/14/22,yes,2.29,na,no,na,6/1/22,1M,12,0,0,0,0,12,12,0,12,,no,,no,,no,7.5,yes
103,b1,fall wheat clover,8/2/22,yes,7.6,9/14/22,yes,2.29,na,no,na,6/9/22,1M,0,0,0,0,0,0,0,0,0,,no,,no,,no,7.5,yes
103,b1,fall wheat clover,8/2/22,yes,7.6,9/14/22,yes,2.29,na,no,na,6/17/22,1M,4,0,0,0,0,4,4,0,4,,no,,no,,no,7.5,yes
103,b1,fall wheat clover,8/2/22,yes,7.6,9/14/22,yes,2.29,na,no,na,6/23/22,1M,0,0,0,0,0,0,0,0,0,,no,,no,,no,7.5,yes
103,b1,fall wheat clover,8/2/22,yes,7.6,9/14/22,yes,2.29,na,no,na,6/30/22,1M,0,0,0,0,0,0,0,0,0,,no,,no,,no,,
103,b1,fall wheat clover,8/2/22,yes,7.6,9/14/22,yes,2.29,na,no,na,7/8/22,1M,0,0,0,0,0,0,0,0,0,,no,,no,,no,,
103,b1,fall wheat clover,8/2/22,yes,7.6,9/14/22,yes,2.29,na,no,na,7/11/22,1M,0,0,0,0,0,0,0,0,0,,no,,no,,no,,
103,b1,fall wheat clover,8/2/22,yes,7.6,9/14/22,yes,2.29,na,no,na,8/9/22,1M,0,0,0,0,0,0,0,0,0,,no,,no,,no,,
103,b1,fall wheat clover,8/2/22,yes,7.6,9/14/22,yes,2.29,na,no,na,9/8/22,1M,0,0,0,0,0,0,0,0,0,,no,,no,,no,,
103,b1,fall wheat clover,8/2/22,yes,7.6,9/14/22,yes,2.29,na,no,na,10/12/22,1M,0,0,0,0,0,0,0,0,0,16,yes,0,yes,0,yes,,
203,b2,fall wheat clover,8/2/22,yes,3.8,9/14/22,yes,1.96,na,no,na,6/1/22,1M,0,24,8,16,0,48,32,16,48,,no,,no,,no,,
203,b2,fall wheat clover,8/2/22,yes,3.8,9/14/22,yes,1.96,na,no,na,6/9/22,1M,4,48,0,0,0,52,52,0,20,,no,,no,,no,,
203,b2,fall wheat clover,8/2/22,yes,3.8,9/14/22,yes,1.96,na,no,na,6/17/22,1M,0,12,0,4,0,16,12,4,0,,no,,no,,no,,
203,b2,fall wheat clover,8/2/22,yes,3.8,9/14/22,yes,1.96,na,no,na,6/23/22,1M,0,0,0,0,0,0,0,0,0,,no,,no,,no,,
203,b2,fall wheat clover,8/2/22,yes,3.8,9/14/22,yes,1.96,na,no,na,6/30/22,1M,0,0,0,4,0,4,0,4,0,,no,,no,,no,,
203,b2,fall wheat clover,8/2/22,yes,3.8,9/14/22,yes,1.96,na,no,na,7/8/22,1M,0,0,0,0,0,0,0,0,0,,no,,no,,no,,
203,b2,fall wheat clover,8/2/22,yes,3.8,9/14/22,yes,1.96,na,no,na,7/11/22,1M,0,0,16,0,0,16,16,0,16,,no,,no,,no,,
203,b2,fall wheat clover,8/2/22,yes,3.8,9/14/22,yes,1.96,na,no,na,8/9/22,1M,0,0,0,0,0,0,0,0,0,,no,,no,,no,,
203,b2,fall wheat clover,8/2/22,yes,3.8,9/14/22,yes,1.96,na,no,na,9/8/22,1M,0,0,0,0,0,0,0,0,0,,no,,no,,no,,
203,b2,fall wheat clover,8/2/22,yes,3.8,9/14/22,yes,1.96,na,no,na,10/12/22,1M,0,8,0,0,0,8,8,0,8,92,yes,0,yes,0,yes,,
305,b3,fall wheat clover,8/2/22,yes,25.4,9/14/22,yes,1.56,na,no,na,6/1/22,1M,4,24,12,0,0,40,40,0,40,,no,,no,,no,,
305,b3,fall wheat clover,8/2/22,yes,25.4,9/14/22,yes,1.56,na,no,na,6/9/22,1M,0,20,8,8,0,36,28,8,0,,no,,no,,no,,
305,b3,fall wheat clover,8/2/22,yes,25.4,9/14/22,yes,1.56,na,no,na,6/17/22,1M,0,12,0,16,0,28,12,16,0,,no,,no,,no,,
305,b3,fall wheat clover,8/2/22,yes,25.4,9/14/22,yes,1.56,na,no,na,6/23/22,1M,0,12,0,12,4,28,12,16,0,,no,,no,,no,,
305,b3,fall wheat clover,8/2/22,yes,25.4,9/14/22,yes,1.56,na,no,na,6/30/22,1M,0,0,4,8,8,20,4,16,0,,no,,no,,no,,
305,b3,fall wheat clover,8/2/22,yes,25.4,9/14/22,yes,1.56,na,no,na,7/8/22,1M,0,0,0,16,4,20,0,20,0,,no,,no,,no,,
305,b3,fall wheat clover,8/2/22,yes,25.4,9/14/22,yes,1.56,na,no,na,7/11/22,1M,0,0,8,12,8,28,8,20,8,,no,,no,,no,,
305,b3,fall wheat clover,8/2/22,yes,25.4,9/14/22,yes,1.56,na,no,na,8/9/22,1M,0,0,16,4,20,40,16,24,4,,no,,no,,no,,
305,b3,fall wheat clover,8/2/22,yes,25.4,9/14/22,yes,1.56,na,no,na,9/8/22,1M,0,0,0,0,0,0,0,0,0,,no,,no,,no,,
305,b3,fall wheat clover,8/2/22,yes,25.4,9/14/22,yes,1.56,na,no,na,10/12/22,1M,0,0,0,0,0,0,0,0,0,52,yes,0,yes,0,yes,,
401,b4,fall wheat clover,8/2/22,yes,4.3,9/14/22,yes,1.42,na,no,na,6/1/22,1M,4,8,0,0,0,12,12,0,12,,no,,no,,no,,
401,b4,fall wheat clover,8/2/22,yes,4.3,9/14/22,yes,1.42,na,no,na,6/9/22,1M,0,24,0,0,0,24,24,0,12,,no,,no,,no,,
401,b4,fall wheat clover,8/2/22,yes,4.3,9/14/22,yes,1.42,na,no,na,6/17/22,1M,0,48,0,0,0,48,48,0,24,,no,,no,,no,,
401,b4,fall wheat clover,8/2/22,yes,4.3,9/14/22,yes,1.42,na,no,na,6/23/22,1M,0,32,8,0,0,40,40,0,0,,no,,no,,no,,
401,b4,fall wheat clover,8/2/22,yes,4.3,9/14/22,yes,1.42,na,no,na,6/30/22,1M,0,24,12,0,0,36,36,0,0,,no,,no,,no,,
401,b4,fall wheat clover,8/2/22,yes,4.3,9/14/22,yes,1.42,na,no,na,7/8/22,1M,0,24,12,0,0,36,36,0,0,,no,,no,,no,,
401,b4,fall wheat clover,8/2/22,yes,4.3,9/14/22,yes,1.42,na,no,na,7/11/22,1M,0,24,8,4,0,36,32,4,0,,no,,no,,no,,
401,b4,fall wheat clover,8/2/22,yes,4.3,9/14/22,yes,1.42,na,no,na,8/9/22,1M,0,0,0,0,0,0,0,0,0,,no,,no,,no,,
401,b4,fall wheat clover,8/2/22,yes,4.3,9/14/22,yes,1.42,na,no,na,9/8/22,1M,0,0,0,0,0,0,0,0,0,,no,,no,,no,,
401,b4,fall wheat clover,8/2/22,yes,4.3,9/14/22,yes,1.42,na,no,na,10/12/22,1M,0,0,0,0,0,0,0,0,0,48,yes,0,yes,0,yes,,
106,b1,oats cc mix,8/2/22,yes,36.7,na,yes,na,na,no,na,6/1/22,1M,0,4,4,0,0,8,8,0,8,,no,,no,,no,26.75,yes
106,b1,oats cc mix,8/2/22,yes,36.7,na,yes,na,na,no,na,6/9/22,1M,4,8,0,0,0,12,12,0,4,,no,,no,,no,26.75,yes
106,b1,oats cc mix,8/2/22,yes,36.7,na,yes,na,na,no,na,6/17/22,1M,0,4,0,0,0,4,4,0,0,,no,,no,,no,26.75,yes
106,b1,oats cc mix,8/2/22,yes,36.7,na,yes,na,na,no,na,6/23/22,1M,12,0,0,0,0,12,12,0,8,,no,,no,,no,26.75,yes
106,b1,oats cc mix,8/2/22,yes,36.7,na,yes,na,na,no,na,6/30/22,1M,4,0,0,0,0,4,4,0,0,,no,,no,,no,,
106,b1,oats cc mix,8/2/22,yes,36.7,na,yes,na,na,no,na,7/8/22,1M,4,0,0,0,0,4,4,0,0,,no,,no,,no,,
106,b1,oats cc mix,8/2/22,yes,36.7,na,yes,na,na,no,na,7/11/22,1M,0,4,0,0,0,4,4,0,0,,no,,no,,no,,
106,b1,oats cc mix,8/2/22,yes,36.7,na,yes,na,na,no,na,8/9/22,1M,0,0,0,0,0,0,0,0,0,,no,,no,,no,,
106,b1,oats cc mix,8/2/22,yes,36.7,na,yes,na,na,no,na,9/8/22,1M,2,0,0,0,0,2,2,0,2,,no,,no,,no,,
106,b1,oats cc mix,8/2/22,yes,36.7,na,yes,na,na,no,na,10/12/22,1M,0,0,0,0,0,0,0,0,0,22,yes,0,yes,0,yes,,
205,b2,oats cc mix,8/2/22,yes,35.7,na,no,na,na,no,na,6/1/22,1M,0,8,0,0,0,8,8,0,8,,no,,no,,no,,
205,b2,oats cc mix,8/2/22,yes,35.7,na,no,na,na,no,na,6/9/22,1M,0,4,8,0,0,12,12,0,4,,no,,no,,no,,
205,b2,oats cc mix,8/2/22,yes,35.7,na,no,na,na,no,na,6/17/22,1M,0,4,0,0,0,4,4,0,0,,no,,no,,no,,
205,b2,oats cc mix,8/2/22,yes,35.7,na,no,na,na,no,na,6/23/22,1M,0,8,0,0,0,8,8,0,4,,no,,no,,no,,
205,b2,oats cc mix,8/2/22,yes,35.7,na,no,na,na,no,na,6/30/22,1M,0,0,4,0,0,4,4,0,0,,no,,no,,no,,
205,b2,oats cc mix,8/2/22,yes,35.7,na,no,na,na,no,na,7/8/22,1M,0,4,4,0,0,8,8,0,4,,no,,no,,no,,
205,b2,oats cc mix,8/2/22,yes,35.7,na,no,na,na,no,na,7/11/22,1M,0,8,0,0,0,8,8,0,0,,no,,no,,no,,
205,b2,oats cc mix,8/2/22,yes,35.7,na,no,na,na,no,na,8/9/22,1M,0,12,12,0,0,24,24,0,16,,no,,no,,no,,
205,b2,oats cc mix,8/2/22,yes,35.7,na,no,na,na,no,na,9/8/22,1M,0,0,0,0,0,0,0,0,0,,no,,no,,no,,
205,b2,oats cc mix,8/2/22,yes,35.7,na,no,na,na,no,na,10/12/22,1M,0,0,0,0,0,0,0,0,0,36,yes,0,yes,0,yes,,
302,b3,oats cc mix,8/2/22,yes,42.6,na,no,na,na,no,na,6/1/22,1M,0,36,0,0,0,36,36,0,36,,no,,no,,no,,
302,b3,oats cc mix,8/2/22,yes,42.6,na,no,na,na,no,na,6/9/22,1M,0,48,0,0,0,48,48,0,12,,no,,no,,no,,
302,b3,oats cc mix,8/2/22,yes,42.6,na,no,na,na,no,na,6/17/22,1M,0,40,0,0,0,40,40,0,0,,no,,no,,no,,
302,b3,oats cc mix,8/2/22,yes,42.6,na,no,na,na,no,na,6/23/22,1M,0,20,0,0,0,20,20,0,0,,no,,no,,no,,
302,b3,oats cc mix,8/2/22,yes,42.6,na,no,na,na,no,na,6/30/22,1M,0,8,0,0,0,8,8,0,0,,no,,no,,no,,
302,b3,oats cc mix,8/2/22,yes,42.6,na,no,na,na,no,na,7/8/22,1M,0,4,0,0,0,4,4,0,0,,no,,no,,no,,
302,b3,oats cc mix,8/2/22,yes,42.6,na,no,na,na,no,na,7/11/22,1M,4,16,0,0,0,20,20,0,16,,no,,no,,no,,
302,b3,oats cc mix,8/2/22,yes,42.6,na,no,na,na,no,na,8/9/22,1M,0,28,16,0,0,44,44,0,24,,no,,no,,no,,
302,b3,oats cc mix,8/2/22,yes,42.6,na,no,na,na,no,na,9/8/22,1M,0,0,0,0,0,0,0,0,0,,no,,no,,no,,
302,b3,oats cc mix,8/2/22,yes,42.6,na,no,na,na,no,na,10/12/22,1M,0,0,0,0,0,0,0,0,0,88,yes,0,yes,0,yes,,
404,b4,oats cc mix,8/2/22,yes,43.7,na,no,na,na,no,na,6/1/22,1M,0,72,8,0,0,80,80,0,80,,no,,no,,no,,
404,b4,oats cc mix,8/2/22,yes,43.7,na,no,na,na,no,na,6/9/22,1M,0,72,0,0,0,72,72,0,0,,no,,no,,no,,
404,b4,oats cc mix,8/2/22,yes,43.7,na,no,na,na,no,na,6/17/22,1M,20,68,0,0,0,88,88,0,16,,no,,no,,no,,
404,b4,oats cc mix,8/2/22,yes,43.7,na,no,na,na,no,na,6/23/22,1M,0,76,0,0,0,76,76,0,0,,no,,no,,no,,
404,b4,oats cc mix,8/2/22,yes,43.7,na,no,na,na,no,na,6/30/22,1M,0,12,0,4,0,16,12,4,0,,no,,no,,no,,
404,b4,oats cc mix,8/2/22,yes,43.7,na,no,na,na,no,na,7/8/22,1M,8,24,0,0,0,32,32,0,20,,no,,no,,no,,
404,b4,oats cc mix,8/2/22,yes,43.7,na,no,na,na,no,na,7/11/22,1M,0,60,8,0,0,68,68,0,36,,no,,no,,no,,
404,b4,oats cc mix,8/2/22,yes,43.7,na,no,na,na,no,na,8/9/22,1M,0,12,24,8,0,44,36,8,0,,no,,no,,no,,
404,b4,oats cc mix,8/2/22,yes,43.7,na,no,na,na,no,na,9/8/22,1M,0,0,48,16,0,64,48,16,4,,no,,no,,no,,
404,b4,oats cc mix,8/2/22,yes,43.7,na,no,na,na,no,na,10/12/22,1M,0,0,0,0,0,0,0,0,0,156,yes,0,yes,0,yes,,
102,b1,rye silage ssgrass,5/13/22,yes,1.39,7/12/22,yes,2.94,9/14/22,yes,2.4,6/1/22,1M,20,20,0,0,0,40,40,0,40,,no,,no,,no,9.5,yes
102,b1,rye silage ssgrass,5/13/22,yes,1.39,7/12/22,yes,2.94,9/14/22,yes,2.4,6/9/22,1M,0,68,0,0,0,68,68,0,28,,no,,no,,no,9.5,yes
102,b1,rye silage ssgrass,5/13/22,yes,1.39,7/12/22,yes,2.94,9/14/22,yes,2.4,6/17/22,1M,4,24,32,0,0,60,60,0,0,,no,,no,,no,9.5,yes
102,b1,rye silage ssgrass,5/13/22,yes,1.39,7/12/22,yes,2.94,9/14/22,yes,2.4,6/23/22,1M,0,24,64,8,0,96,88,8,20,,no,,no,,no,9.5,yes
102,b1,rye silage ssgrass,5/13/22,yes,1.39,7/12/22,yes,2.94,9/14/22,yes,2.4,6/30/22,1M,0,40,4,0,0,44,44,0,0,,no,,no,,no,,
102,b1,rye silage ssgrass,5/13/22,yes,1.39,7/12/22,yes,2.94,9/14/22,yes,2.4,7/8/22,1M,0,8,24,0,0,32,32,0,0,,no,,no,,no,,
102,b1,rye silage ssgrass,5/13/22,yes,1.39,7/12/22,yes,2.94,9/14/22,yes,2.4,7/11/22,1M,0,16,0,0,0,16,16,0,0,,no,,no,,no,,
102,b1,rye silage ssgrass,5/13/22,yes,1.39,7/12/22,yes,2.94,9/14/22,yes,2.4,8/9/22,1M,0,8,40,8,0,56,48,8,24,,no,,no,,no,,
102,b1,rye silage ssgrass,5/13/22,yes,1.39,7/12/22,yes,2.94,9/14/22,yes,2.4,9/8/22,1M,0,0,16,16,0,32,16,16,0,,no,,no,,no,,
102,b1,rye silage ssgrass,5/13/22,yes,1.39,7/12/22,yes,2.94,9/14/22,yes,2.4,10/12/22,1M,0,0,0,0,0,0,0,0,0,112,yes,0,yes,0,yes,,
206,b2,rye silage ssgrass,5/13/22,yes,1.73,7/12/22,yes,2.69,9/14/22,yes,1.66,6/1/22,1M,108,128,0,0,0,236,236,0,236,,no,,no,,no,,
206,b2,rye silage ssgrass,5/13/22,yes,1.73,7/12/22,yes,2.69,9/14/22,yes,1.66,6/9/22,1M,12,388,4,0,0,404,404,0,168,,no,,no,,no,,
206,b2,rye silage ssgrass,5/13/22,yes,1.73,7/12/22,yes,2.69,9/14/22,yes,1.66,6/17/22,1M,0,244,28,0,0,272,272,0,0,,no,,no,,no,,
206,b2,rye silage ssgrass,5/13/22,yes,1.73,7/12/22,yes,2.69,9/14/22,yes,1.66,6/23/22,1M,0,40,188,28,0,256,228,28,0,,no,,no,,no,,
206,b2,rye silage ssgrass,5/13/22,yes,1.73,7/12/22,yes,2.69,9/14/22,yes,1.66,6/30/22,1M,0,20,72,8,0,100,92,8,0,,no,,no,,no,,
206,b2,rye silage ssgrass,5/13/22,yes,1.73,7/12/22,yes,2.69,9/14/22,yes,1.66,7/8/22,1M,0,4,12,0,0,16,16,0,0,,no,,no,,no,,
206,b2,rye silage ssgrass,5/13/22,yes,1.73,7/12/22,yes,2.69,9/14/22,yes,1.66,7/11/22,1M,8,0,0,0,0,8,8,0,0,,no,,no,,no,,
206,b2,rye silage ssgrass,5/13/22,yes,1.73,7/12/22,yes,2.69,9/14/22,yes,1.66,8/9/22,1M,0,4,124,0,0,128,128,0,120,,no,,no,,no,,
206,b2,rye silage ssgrass,5/13/22,yes,1.73,7/12/22,yes,2.69,9/14/22,yes,1.66,9/8/22,1M,0,0,0,0,0,0,0,0,0,,no,,no,,no,,
206,b2,rye silage ssgrass,5/13/22,yes,1.73,7/12/22,yes,2.69,9/14/22,yes,1.66,10/12/22,1M,0,0,0,0,0,0,0,0,0,524,yes,0,yes,0,yes,,
301,b3,rye silage ssgrass,5/13/22,yes,1.49,7/12/22,yes,2.05,9/14/22,yes,1.43,6/1/22,1M,52,56,0,0,0,108,108,0,108,,no,,no,,no,,
301,b3,rye silage ssgrass,5/13/22,yes,1.49,7/12/22,yes,2.05,9/14/22,yes,1.43,6/9/22,1M,48,208,0,0,0,256,256,0,148,,no,,no,,no,,
301,b3,rye silage ssgrass,5/13/22,yes,1.49,7/12/22,yes,2.05,9/14/22,yes,1.43,6/17/22,1M,8,184,0,0,0,192,192,0,0,,no,,no,,no,,
301,b3,rye silage ssgrass,5/13/22,yes,1.49,7/12/22,yes,2.05,9/14/22,yes,1.43,6/23/22,1M,4,192,0,0,0,196,196,0,4,,no,,no,,no,,
301,b3,rye silage ssgrass,5/13/22,yes,1.49,7/12/22,yes,2.05,9/14/22,yes,1.43,6/30/22,1M,4,184,0,0,0,188,188,0,0,,no,,no,,no,,
301,b3,rye silage ssgrass,5/13/22,yes,1.49,7/12/22,yes,2.05,9/14/22,yes,1.43,7/8/22,1M,0,184,24,0,0,208,208,0,20,,no,,no,,no,,
301,b3,rye silage ssgrass,5/13/22,yes,1.49,7/12/22,yes,2.05,9/14/22,yes,1.43,7/11/22,1M,0,164,32,12,0,208,196,12,0,,no,,no,,no,,
301,b3,rye silage ssgrass,5/13/22,yes,1.49,7/12/22,yes,2.05,9/14/22,yes,1.43,8/9/22,1M,0,4,100,16,0,120,104,16,0,,no,,no,,no,,
301,b3,rye silage ssgrass,5/13/22,yes,1.49,7/12/22,yes,2.05,9/14/22,yes,1.43,9/8/22,1M,0,56,0,8,0,64,56,8,0,,no,,no,,no,,
301,b3,rye silage ssgrass,5/13/22,yes,1.49,7/12/22,yes,2.05,9/14/22,yes,1.43,10/12/22,1M,0,4,16,0,0,20,20,0,0,280,yes,4,yes,0.014285714,yes,,
403,b4,rye silage ssgrass,5/13/22,yes,2.22,7/12/22,yes,2.84,9/14/22,yes,2.29,6/1/22,1M,20,44,0,0,0,64,64,0,64,,no,,no,,no,,
403,b4,rye silage ssgrass,5/13/22,yes,2.22,7/12/22,yes,2.84,9/14/22,yes,2.29,6/9/22,1M,8,284,0,0,0,292,292,0,228,,no,,no,,no,,
403,b4,rye silage ssgrass,5/13/22,yes,2.22,7/12/22,yes,2.84,9/14/22,yes,2.29,6/17/22,1M,0,48,36,0,0,84,84,0,0,,no,,no,,no,,
403,b4,rye silage ssgrass,5/13/22,yes,2.22,7/12/22,yes,2.84,9/14/22,yes,2.29,6/23/22,1M,4,12,0,16,0,32,16,16,0,,no,,no,,no,,
403,b4,rye silage ssgrass,5/13/22,yes,2.22,7/12/22,yes,2.84,9/14/22,yes,2.29,6/30/22,1M,0,72,16,0,0,88,88,0,72,,no,,no,,no,,
403,b4,rye silage ssgrass,5/13/22,yes,2.22,7/12/22,yes,2.84,9/14/22,yes,2.29,7/8/22,1M,0,8,0,16,0,24,8,16,0,,no,,no,,no,,
403,b4,rye silage ssgrass,5/13/22,yes,2.22,7/12/22,yes,2.84,9/14/22,yes,2.29,7/11/22,1M,0,0,0,0,0,0,0,0,0,,no,,no,,no,,
403,b4,rye silage ssgrass,5/13/22,yes,2.22,7/12/22,yes,2.84,9/14/22,yes,2.29,8/9/22,1M,0,8,96,12,0,116,104,12,92,,no,,no,,no,,
403,b4,rye silage ssgrass,5/13/22,yes,2.22,7/12/22,yes,2.84,9/14/22,yes,2.29,9/8/22,1M,0,0,0,0,0,0,0,0,0,,no,,no,,no,,
403,b4,rye silage ssgrass,5/13/22,yes,2.22,7/12/22,yes,2.84,9/14/22,yes,2.29,10/12/22,1M,0,0,8,0,0,8,8,0,1,457,yes,2,yes,0.004376368,yes,,
105,b1,spring alfalfa oats,8/2/22,yes,21.3,9/14/22,yes,1.65,na,no,na,6/1/22,1M,0,36,16,4,0,56,52,4,56,,no,,no,,no,15.5,yes
105,b1,spring alfalfa oats,8/2/22,yes,21.3,9/14/22,yes,1.65,na,no,na,6/9/22,1M,0,24,12,4,0,40,36,4,0,,no,,no,,no,15.5,yes
105,b1,spring alfalfa oats,8/2/22,yes,21.3,9/14/22,yes,1.65,na,no,na,6/17/22,1M,4,28,4,0,0,36,36,0,0,,no,,no,,no,15.5,yes
105,b1,spring alfalfa oats,8/2/22,yes,21.3,9/14/22,yes,1.65,na,no,na,6/23/22,1M,0,8,24,12,0,44,32,12,0,,no,,no,,no,15.5,yes
105,b1,spring alfalfa oats,8/2/22,yes,21.3,9/14/22,yes,1.65,na,no,na,6/30/22,1M,0,8,8,0,0,16,16,0,0,,no,,no,,no,,
105,b1,spring alfalfa oats,8/2/22,yes,21.3,9/14/22,yes,1.65,na,no,na,7/8/22,1M,0,8,16,0,0,24,24,0,8,,no,,no,,no,,
105,b1,spring alfalfa oats,8/2/22,yes,21.3,9/14/22,yes,1.65,na,no,na,7/11/22,1M,0,8,24,4,0,36,32,4,4,,no,,no,,no,,
105,b1,spring alfalfa oats,8/2/22,yes,21.3,9/14/22,yes,1.65,na,no,na,8/9/22,1M,0,8,8,8,0,24,16,8,0,,no,,no,,no,,
105,b1,spring alfalfa oats,8/2/22,yes,21.3,9/14/22,yes,1.65,na,no,na,9/8/22,1M,0,0,0,0,0,0,0,0,0,,no,,no,,no,,
105,b1,spring alfalfa oats,8/2/22,yes,21.3,9/14/22,yes,1.65,na,no,na,10/12/22,1M,0,0,8,0,0,8,8,0,8,76,yes,2,yes,0.026315789,yes,,
202,b2,spring alfalfa oats,8/2/22,yes,28,9/14/22,yes,0.71,na,no,na,6/1/22,1M,8,24,20,0,0,52,52,0,52,,no,,no,,no,,
202,b2,spring alfalfa oats,8/2/22,yes,28,9/14/22,yes,0.71,na,no,na,6/9/22,1M,0,36,12,0,0,48,48,0,0,,no,,no,,no,,
202,b2,spring alfalfa oats,8/2/22,yes,28,9/14/22,yes,0.71,na,no,na,6/17/22,1M,0,8,4,4,0,16,12,4,0,,no,,no,,no,,
202,b2,spring alfalfa oats,8/2/22,yes,28,9/14/22,yes,0.71,na,no,na,6/23/22,1M,0,16,8,12,0,36,24,12,4,,no,,no,,no,,
202,b2,spring alfalfa oats,8/2/22,yes,28,9/14/22,yes,0.71,na,no,na,6/30/22,1M,0,12,4,8,0,24,16,8,0,,no,,no,,no,,
202,b2,spring alfalfa oats,8/2/22,yes,28,9/14/22,yes,0.71,na,no,na,7/8/22,1M,8,12,4,0,0,24,24,0,8,,no,,no,,no,,
202,b2,spring alfalfa oats,8/2/22,yes,28,9/14/22,yes,0.71,na,no,na,7/11/22,1M,0,4,16,0,0,20,20,0,0,,no,,no,,no,,
202,b2,spring alfalfa oats,8/2/22,yes,28,9/14/22,yes,0.71,na,no,na,8/9/22,1M,0,4,20,20,8,52,24,28,0,,no,,no,,no,,
202,b2,spring alfalfa oats,8/2/22,yes,28,9/14/22,yes,0.71,na,no,na,9/8/22,1M,0,0,0,0,0,0,0,0,0,,no,,no,,no,,
202,b2,spring alfalfa oats,8/2/22,yes,28,9/14/22,yes,0.71,na,no,na,10/12/22,1M,0,0,0,0,0,0,0,0,0,64,yes,0,yes,0,yes,,
304,b3,spring alfalfa oats,8/2/22,yes,28.9,9/14/22,yes,1.19,na,no,na,6/1/22,1M,0,24,0,0,0,24,24,0,24,,no,,no,,no,,
304,b3,spring alfalfa oats,8/2/22,yes,28.9,9/14/22,yes,1.19,na,no,na,6/9/22,1M,0,32,0,0,0,32,32,0,8,,no,,no,,no,,
304,b3,spring alfalfa oats,8/2/22,yes,28.9,9/14/22,yes,1.19,na,no,na,6/17/22,1M,4,36,4,0,0,44,44,0,12,,no,,no,,no,,
304,b3,spring alfalfa oats,8/2/22,yes,28.9,9/14/22,yes,1.19,na,no,na,6/23/22,1M,0,28,8,0,0,36,36,0,0,,no,,no,,no,,
304,b3,spring alfalfa oats,8/2/22,yes,28.9,9/14/22,yes,1.19,na,no,na,6/30/22,1M,0,16,8,0,0,24,24,0,0,,no,,no,,no,,
304,b3,spring alfalfa oats,8/2/22,yes,28.9,9/14/22,yes,1.19,na,no,na,7/8/22,1M,0,16,0,0,0,16,16,0,0,,no,,no,,no,,
304,b3,spring alfalfa oats,8/2/22,yes,28.9,9/14/22,yes,1.19,na,no,na,7/11/22,1M,8,32,0,0,0,40,40,0,24,,no,,no,,no,,
304,b3,spring alfalfa oats,8/2/22,yes,28.9,9/14/22,yes,1.19,na,no,na,8/9/22,1M,0,8,16,8,0,32,24,8,0,,no,,no,,no,,
304,b3,spring alfalfa oats,8/2/22,yes,28.9,9/14/22,yes,1.19,na,no,na,9/8/22,1M,0,0,4,0,4,8,4,4,0,,no,,no,,no,,
304,b3,spring alfalfa oats,8/2/22,yes,28.9,9/14/22,yes,1.19,na,no,na,10/12/22,1M,0,0,0,0,0,0,0,0,0,68,yes,0,yes,0,yes,,
405,b4,spring alfalfa oats,8/2/22,yes,31.8,9/14/22,yes,0.6,na,no,na,6/1/22,1M,4,44,0,0,0,48,48,0,48,,no,,no,,no,,
405,b4,spring alfalfa oats,8/2/22,yes,31.8,9/14/22,yes,0.6,na,no,na,6/9/22,1M,44,108,0,0,0,152,152,0,104,,no,,no,,no,,
405,b4,spring alfalfa oats,8/2/22,yes,31.8,9/14/22,yes,0.6,na,no,na,6/17/22,1M,8,128,0,0,0,136,136,0,0,,no,,no,,no,,
405,b4,spring alfalfa oats,8/2/22,yes,31.8,9/14/22,yes,0.6,na,no,na,6/23/22,1M,8,60,12,0,0,80,80,0,0,,no,,no,,no,,
405,b4,spring alfalfa oats,8/2/22,yes,31.8,9/14/22,yes,0.6,na,no,na,6/30/22,1M,0,28,8,0,0,36,36,0,0,,no,,no,,no,,
405,b4,spring alfalfa oats,8/2/22,yes,31.8,9/14/22,yes,0.6,na,no,na,7/8/22,1M,0,48,0,0,0,48,48,0,12,,no,,no,,no,,
405,b4,spring alfalfa oats,8/2/22,yes,31.8,9/14/22,yes,0.6,na,no,na,7/11/22,1M,0,48,0,0,0,48,48,0,0,,no,,no,,no,,
405,b4,spring alfalfa oats,8/2/22,yes,31.8,9/14/22,yes,0.6,na,no,na,8/9/22,1M,0,4,72,16,0,92,76,16,12,,no,,no,,no,,
405,b4,spring alfalfa oats,8/2/22,yes,31.8,9/14/22,yes,0.6,na,no,na,9/8/22,1M,0,4,12,16,0,32,16,16,0,,no,,no,,no,,
405,b4,spring alfalfa oats,8/2/22,yes,31.8,9/14/22,yes,0.6,na,no,na,10/12/22,1M,0,0,16,0,0,16,16,0,0,176,yes,4,yes,0.022727273,yes,,
101,b1,spring alfalfa orchard grass,7/12/22,yes,0.92,9/14/22,yes,1.35,na,no,na,6/1/22,1M,16,108,20,0,0,144,144,0,144,,no,,no,,no,24.5,yes
101,b1,spring alfalfa orchard grass,7/12/22,yes,0.92,9/14/22,yes,1.35,na,no,na,6/9/22,1M,0,112,32,0,0,144,144,0,0,,no,,no,,no,24.5,yes
101,b1,spring alfalfa orchard grass,7/12/22,yes,0.92,9/14/22,yes,1.35,na,no,na,6/17/22,1M,0,32,4,4,0,40,36,4,0,,no,,no,,no,24.5,yes
101,b1,spring alfalfa orchard grass,7/12/22,yes,0.92,9/14/22,yes,1.35,na,no,na,6/23/22,1M,0,20,0,4,0,24,20,4,0,,no,,no,,no,24.5,yes
101,b1,spring alfalfa orchard grass,7/12/22,yes,0.92,9/14/22,yes,1.35,na,no,na,6/30/22,1M,0,16,0,8,0,24,16,8,0,,no,,no,,no,,
101,b1,spring alfalfa orchard grass,7/12/22,yes,0.92,9/14/22,yes,1.35,na,no,na,7/8/22,1M,0,4,16,0,4,24,20,4,4,,no,,no,,no,,
101,b1,spring alfalfa orchard grass,7/12/22,yes,0.92,9/14/22,yes,1.35,na,no,na,7/11/22,1M,0,0,24,4,0,28,24,4,4,,no,,no,,no,,
101,b1,spring alfalfa orchard grass,7/12/22,yes,0.92,9/14/22,yes,1.35,na,no,na,8/9/22,1M,0,56,60,0,0,116,116,0,92,,no,,no,,no,,
101,b1,spring alfalfa orchard grass,7/12/22,yes,0.92,9/14/22,yes,1.35,na,no,na,9/8/22,1M,0,0,4,0,12,16,4,12,0,,no,,no,,no,,
101,b1,spring alfalfa orchard grass,7/12/22,yes,0.92,9/14/22,yes,1.35,na,no,na,10/12/22,1M,0,0,8,0,0,8,8,0,4,248,yes,2,yes,0.008064516,yes,,
204,b2,spring alfalfa orchard grass,7/12/22,yes,0.87,9/14/22,yes,1.37,na,no,na,6/1/22,1M,0,72,12,4,0,88,84,4,88,,no,,no,,no,,
204,b2,spring alfalfa orchard grass,7/12/22,yes,0.87,9/14/22,yes,1.37,na,no,na,6/9/22,1M,0,52,32,1,0,85,84,1,0,,no,,no,,no,,
204,b2,spring alfalfa orchard grass,7/12/22,yes,0.87,9/14/22,yes,1.37,na,no,na,6/17/22,1M,20,64,36,8,0,128,120,8,29,,no,,no,,no,,
204,b2,spring alfalfa orchard grass,7/12/22,yes,0.87,9/14/22,yes,1.37,na,no,na,6/23/22,1M,0,24,0,32,8,64,24,40,0,,no,,no,,no,,
204,b2,spring alfalfa orchard grass,7/12/22,yes,0.87,9/14/22,yes,1.37,na,no,na,6/30/22,1M,0,0,16,28,16,60,16,44,0,,no,,no,,no,,
204,b2,spring alfalfa orchard grass,7/12/22,yes,0.87,9/14/22,yes,1.37,na,no,na,7/8/22,1M,0,0,20,36,8,64,20,44,4,,no,,no,,no,,
204,b2,spring alfalfa orchard grass,7/12/22,yes,0.87,9/14/22,yes,1.37,na,no,na,7/11/22,1M,0,24,20,32,16,92,44,48,20,,no,,no,,no,,
204,b2,spring alfalfa orchard grass,7/12/22,yes,0.87,9/14/22,yes,1.37,na,no,na,8/9/22,1M,0,44,40,0,0,84,84,0,40,,no,,no,,no,,
204,b2,spring alfalfa orchard grass,7/12/22,yes,0.87,9/14/22,yes,1.37,na,no,na,9/8/22,1M,0,0,0,0,0,0,0,0,0,,no,,no,,no,,
204,b2,spring alfalfa orchard grass,7/12/22,yes,0.87,9/14/22,yes,1.37,na,no,na,10/12/22,1M,0,0,4,0,0,4,4,0,4,185,yes,1,yes,0.005405405,yes,,
306,b3,spring alfalfa orchard grass,7/12/22,yes,1.41,9/14/22,yes,1.03,na,no,na,6/1/22,1M,0,8,12,4,0,24,20,4,24,,no,,no,,no,,
306,b3,spring alfalfa orchard grass,7/12/22,yes,1.41,9/14/22,yes,1.03,na,no,na,6/9/22,1M,0,40,20,12,0,72,60,12,32,,no,,no,,no,,
306,b3,spring alfalfa orchard grass,7/12/22,yes,1.41,9/14/22,yes,1.03,na,no,na,6/17/22,1M,0,24,8,20,0,52,32,20,0,,no,,no,,no,,
306,b3,spring alfalfa orchard grass,7/12/22,yes,1.41,9/14/22,yes,1.03,na,no,na,6/23/22,1M,0,24,12,8,16,60,36,24,0,,no,,no,,no,,
306,b3,spring alfalfa orchard grass,7/12/22,yes,1.41,9/14/22,yes,1.03,na,no,na,6/30/22,1M,0,8,16,24,24,72,24,48,0,,no,,no,,no,,
306,b3,spring alfalfa orchard grass,7/12/22,yes,1.41,9/14/22,yes,1.03,na,no,na,7/8/22,1M,0,8,20,4,20,52,28,24,4,,no,,no,,no,,
306,b3,spring alfalfa orchard grass,7/12/22,yes,1.41,9/14/22,yes,1.03,na,no,na,7/11/22,1M,0,0,16,8,20,44,16,28,0,,no,,no,,no,,
306,b3,spring alfalfa orchard grass,7/12/22,yes,1.41,9/14/22,yes,1.03,na,no,na,8/9/22,1M,0,0,60,4,0,64,60,4,44,,no,,no,,no,,
306,b3,spring alfalfa orchard grass,7/12/22,yes,1.41,9/14/22,yes,1.03,na,no,na,9/8/22,1M,0,0,0,0,0,0,0,0,0,,no,,no,,no,,
306,b3,spring alfalfa orchard grass,7/12/22,yes,1.41,9/14/22,yes,1.03,na,no,na,10/12/22,1M,0,0,0,0,0,0,0,0,0,104,yes,0,yes,0,yes,,
402,b4,spring alfalfa orchard grass,7/12/22,yes,1.04,9/14/22,yes,1,na,no,na,6/1/22,1M,0,52,0,0,0,52,52,0,52,,no,,no,,no,,
402,b4,spring alfalfa orchard grass,7/12/22,yes,1.04,9/14/22,yes,1,na,no,na,6/9/22,1M,8,40,16,4,0,68,64,4,8,,no,,no,,no,,
402,b4,spring alfalfa orchard grass,7/12/22,yes,1.04,9/14/22,yes,1,na,no,na,6/17/22,1M,0,12,20,20,0,52,32,20,0,,no,,no,,no,,
402,b4,spring alfalfa orchard grass,7/12/22,yes,1.04,9/14/22,yes,1,na,no,na,6/23/22,1M,0,27,20,4,4,55,47,8,15,,no,,no,,no,,
402,b4,spring alfalfa orchard grass,7/12/22,yes,1.04,9/14/22,yes,1,na,no,na,6/30/22,1M,0,16,0,24,8,48,16,32,0,,no,,no,,no,,
402,b4,spring alfalfa orchard grass,7/12/22,yes,1.04,9/14/22,yes,1,na,no,na,7/8/22,1M,0,12,0,16,12,40,12,28,0,,no,,no,,no,,
402,b4,spring alfalfa orchard grass,7/12/22,yes,1.04,9/14/22,yes,1,na,no,na,7/11/22,1M,0,0,8,24,20,52,8,44,0,,no,,no,,no,,
402,b4,spring alfalfa orchard grass,7/12/22,yes,1.04,9/14/22,yes,1,na,no,na,8/9/22,1M,0,0,20,0,0,20,20,0,12,,no,,no,,no,,
402,b4,spring alfalfa orchard grass,7/12/22,yes,1.04,9/14/22,yes,1,na,no,na,9/8/22,1M,0,0,40,0,0,40,40,0,20,,no,,no,,no,,
402,b4,spring alfalfa orchard grass,7/12/22,yes,1.04,9/14/22,yes,1,na,no,na,10/12/22,1M,0,0,0,0,4,4,0,4,0,107,yes,1,yes,0.009345794,yes,,
104,b1,fall wheat cc mix,7/28/23,yes,3.06,na,no,na,na,no,na,5/4/23,1M,0,0,0,0,0,0,0,0,0,,no,,no,,no,,
104,b1,fall wheat cc mix,7/28/23,yes,3.06,na,no,na,na,no,na,5/16/23,1M,5,0,0,0,0,5,5,0,5,,no,,no,,no,,
104,b1,fall wheat cc mix,7/28/23,yes,3.06,na,no,na,na,no,na,5/22/23,1M,0,0,0,0,0,0,0,0,0,,no,,no,,no,,
104,b1,fall wheat cc mix,7/28/23,yes,3.06,na,no,na,na,no,na,5/30/23,1M,0,0,0,0,0,0,0,0,0,,no,,no,,no,,
104,b1,fall wheat cc mix,7/28/23,yes,3.06,na,no,na,na,no,na,6/5/23,1M,0,0,0,0,0,0,0,0,0,,no,,no,,no,,
104,b1,fall wheat cc mix,7/28/23,yes,3.06,na,no,na,na,no,na,6/13/23,1M,0,0,0,0,0,0,0,0,0,,no,,no,,no,,
104,b1,fall wheat cc mix,7/28/23,yes,3.06,na,no,na,na,no,na,6/21/23,1M,0,0,0,0,0,0,0,0,0,,no,,no,,no,,
104,b1,fall wheat cc mix,7/28/23,yes,3.06,na,no,na,na,no,na,6/28/23,1M,0,0,0,0,0,0,0,0,0,,no,,no,,no,,
104,b1,fall wheat cc mix,7/28/23,yes,3.06,na,no,na,na,no,na,7/6/23,1M,0,0,0,0,0,0,0,0,0,,no,,no,,no,,
104,b1,fall wheat cc mix,7/28/23,yes,3.06,na,no,na,na,no,na,7/12/23,1M,0,1,0,0,0,1,1,0,1,,no,,no,,no,,
104,b1,fall wheat cc mix,7/28/23,yes,3.06,na,no,na,na,no,na,7/18/23,1M,0,1,0,0,0,1,1,0,0,,no,,no,,no,,
104,b1,fall wheat cc mix,7/28/23,yes,3.06,na,no,na,na,no,na,7/25/23,1M,0,1,0,0,0,1,1,0,0,,no,,no,,no,,
104,b1,fall wheat cc mix,7/28/23,yes,3.06,na,no,na,na,no,na,7/31/23,1M,0,3,1,0,0,4,4,0,3,,no,,no,,no,,
104,b1,fall wheat cc mix,7/28/23,yes,3.06,na,no,na,na,no,na,8/10/23,1M,0,0,3,0,0,3,3,0,0,,no,,no,,no,,
104,b1,fall wheat cc mix,7/28/23,yes,3.06,na,no,na,na,no,na,8/15/23,1M,0,0,0,0,0,0,0,0,0,,no,,no,,no,,
104,b1,fall wheat cc mix,7/28/23,yes,3.06,na,no,na,na,no,na,8/22/23,1M,0,0,1,0,0,1,1,0,1,,no,,no,,no,,
104,b1,fall wheat cc mix,7/28/23,yes,3.06,na,no,na,na,no,na,8/31/23,1M,0,1,1,1,0,3,2,1,0,,no,,no,,no,,
104,b1,fall wheat cc mix,7/28/23,yes,3.06,na,no,na,na,no,na,9/8/23,1M,0,0,1,1,0,2,1,1,0,,no,,no,,no,,
104,b1,fall wheat cc mix,7/28/23,yes,3.06,na,no,na,na,no,na,9/13/23,1M,0,0,0,2,1,3,0,3,0,,no,,no,,no,,
104,b1,fall wheat cc mix,7/28/23,yes,3.06,na,no,na,na,no,na,9/22/23,1M,0,0,2,0,0,2,2,0,2,,no,,no,,no,,
104,b1,fall wheat cc mix,7/28/23,yes,3.06,na,no,na,na,no,na,9/29/23,1M,0,0,1,1,0,2,1,1,0,12,yes,1,yes,0.083333333,yes,,
201,b2,fall wheat cc mix,7/28/23,yes,3.69,na,no,na,na,no,na,5/4/23,1M,0,0,0,0,0,0,0,0,0,,no,,no,,no,,
201,b2,fall wheat cc mix,7/28/23,yes,3.69,na,no,na,na,no,na,5/16/23,1M,0,0,0,0,0,0,0,0,0,,no,,no,,no,,
201,b2,fall wheat cc mix,7/28/23,yes,3.69,na,no,na,na,no,na,5/22/23,1M,0,0,0,0,0,0,0,0,0,,no,,no,,no,,
201,b2,fall wheat cc mix,7/28/23,yes,3.69,na,no,na,na,no,na,5/30/23,1M,0,0,0,0,0,0,0,0,0,,no,,no,,no,,
201,b2,fall wheat cc mix,7/28/23,yes,3.69,na,no,na,na,no,na,6/5/23,1M,0,0,0,0,0,0,0,0,0,,no,,no,,no,,
201,b2,fall wheat cc mix,7/28/23,yes,3.69,na,no,na,na,no,na,6/13/23,1M,0,2,0,0,0,2,2,0,2,,no,,no,,no,,
201,b2,fall wheat cc mix,7/28/23,yes,3.69,na,no,na,na,no,na,6/21/23,1M,0,0,0,0,0,0,0,0,0,,no,,no,,no,,
201,b2,fall wheat cc mix,7/28/23,yes,3.69,na,no,na,na,no,na,6/28/23,1M,0,0,0,0,0,0,0,0,0,,no,,no,,no,,
201,b2,fall wheat cc mix,7/28/23,yes,3.69,na,no,na,na,no,na,7/6/23,1M,0,0,0,0,0,0,0,0,0,,no,,no,,no,,
201,b2,fall wheat cc mix,7/28/23,yes,3.69,na,no,na,na,no,na,7/12/23,1M,0,0,0,0,0,0,0,0,0,,no,,no,,no,,
201,b2,fall wheat cc mix,7/28/23,yes,3.69,na,no,na,na,no,na,7/18/23,1M,5,4,1,0,0,10,10,0,10,,no,,no,,no,,
201,b2,fall wheat cc mix,7/28/23,yes,3.69,na,no,na,na,no,na,7/25/23,1M,0,9,4,0,0,13,13,0,3,,no,,no,,no,,
201,b2,fall wheat cc mix,7/28/23,yes,3.69,na,no,na,na,no,na,7/31/23,1M,0,0,4,0,0,4,4,0,0,,no,,no,,no,,
201,b2,fall wheat cc mix,7/28/23,yes,3.69,na,no,na,na,no,na,8/10/23,1M,0,0,5,3,0,8,5,3,0,,no,,no,,no,,
201,b2,fall wheat cc mix,7/28/23,yes,3.69,na,no,na,na,no,na,8/15/23,1M,0,0,7,3,0,10,7,3,2,,no,,no,,no,,
201,b2,fall wheat cc mix,7/28/23,yes,3.69,na,no,na,na,no,na,8/22/23,1M,0,0,4,1,0,5,4,1,0,,no,,no,,no,,
201,b2,fall wheat cc mix,7/28/23,yes,3.69,na,no,na,na,no,na,8/31/23,1M,0,0,0,3,0,3,0,3,0,,no,,no,,no,,
201,b2,fall wheat cc mix,7/28/23,yes,3.69,na,no,na,na,no,na,9/8/23,1M,0,0,0,0,2,2,0,2,0,,no,,no,,no,,
201,b2,fall wheat cc mix,7/28/23,yes,3.69,na,no,na,na,no,na,9/13/23,1M,0,0,1,0,2,3,1,2,1,,no,,no,,no,,
201,b2,fall wheat cc mix,7/28/23,yes,3.69,na,no,na,na,no,na,9/22/23,1M,0,0,1,0,1,2,1,1,0,,no,,no,,no,,
201,b2,fall wheat cc mix,7/28/23,yes,3.69,na,no,na,na,no,na,9/29/23,1M,0,0,0,1,1,2,0,2,0,18,yes,2,yes,0.111111111,yes,,
302,b3,fall wheat cc mix,7/28/23,yes,3.24,na,no,na,na,no,na,5/4/23,1M,0,0,0,0,0,0,0,0,0,,no,,no,,no,,
302,b3,fall wheat cc mix,7/28/23,yes,3.24,na,no,na,na,no,na,5/16/23,1M,5,3,0,0,0,8,8,0,8,,no,,no,,no,,
302,b3,fall wheat cc mix,7/28/23,yes,3.24,na,no,na,na,no,na,5/22/23,1M,0,0,0,0,0,0,0,0,0,,no,,no,,no,,
302,b3,fall wheat cc mix,7/28/23,yes,3.24,na,no,na,na,no,na,5/30/23,1M,0,0,0,0,0,0,0,0,0,,no,,no,,no,,
302,b3,fall wheat cc mix,7/28/23,yes,3.24,na,no,na,na,no,na,6/5/23,1M,0,0,0,0,0,0,0,0,0,,no,,no,,no,,
302,b3,fall wheat cc mix,7/28/23,yes,3.24,na,no,na,na,no,na,6/13/23,1M,0,0,0,0,0,0,0,0,0,,no,,no,,no,,
302,b3,fall wheat cc mix,7/28/23,yes,3.24,na,no,na,na,no,na,6/21/23,1M,0,0,0,0,0,0,0,0,0,,no,,no,,no,,
302,b3,fall wheat cc mix,7/28/23,yes,3.24,na,no,na,na,no,na,6/28/23,1M,0,0,0,0,0,0,0,0,0,,no,,no,,no,,
302,b3,fall wheat cc mix,7/28/23,yes,3.24,na,no,na,na,no,na,7/6/23,1M,0,0,0,0,0,0,0,0,0,,no,,no,,no,,
302,b3,fall wheat cc mix,7/28/23,yes,3.24,na,no,na,na,no,na,7/12/23,1M,0,0,0,0,0,0,0,0,0,,no,,no,,no,,
302,b3,fall wheat cc mix,7/28/23,yes,3.24,na,no,na,na,no,na,7/18/23,1M,0,0,0,0,0,0,0,0,0,,no,,no,,no,,
302,b3,fall wheat cc mix,7/28/23,yes,3.24,na,no,na,na,no,na,7/25/23,1M,0,12,3,0,0,15,15,0,15,,no,,no,,no,,
302,b3,fall wheat cc mix,7/28/23,yes,3.24,na,no,na,na,no,na,7/31/23,1M,0,4,1,3,0,8,5,3,0,,no,,no,,no,,
302,b3,fall wheat cc mix,7/28/23,yes,3.24,na,no,na,na,no,na,8/10/23,1M,0,3,5,3,0,11,8,3,3,,no,,no,,no,,
302,b3,fall wheat cc mix,7/28/23,yes,3.24,na,no,na,na,no,na,8/15/23,1M,0,0,3,8,0,11,3,8,0,,no,,no,,no,,
302,b3,fall wheat cc mix,7/28/23,yes,3.24,na,no,na,na,no,na,8/22/23,1M,0,0,2,1,0,3,2,1,0,,no,,no,,no,,
302,b3,fall wheat cc mix,7/28/23,yes,3.24,na,no,na,na,no,na,8/31/23,1M,0,0,2,1,0,3,2,1,0,,no,,no,,no,,
302,b3,fall wheat cc mix,7/28/23,yes,3.24,na,no,na,na,no,na,9/8/23,1M,0,0,0,5,3,8,0,8,0,,no,,no,,no,,
302,b3,fall wheat cc mix,7/28/23,yes,3.24,na,no,na,na,no,na,9/13/23,1M,0,0,13,7,3,23,13,10,11,,no,,no,,no,,
302,b3,fall wheat cc mix,7/28/23,yes,3.24,na,no,na,na,no,na,9/22/23,1M,0,0,1,5,0,6,1,5,0,,no,,no,,no,,
302,b3,fall wheat cc mix,7/28/23,yes,3.24,na,no,na,na,no,na,9/29/23,1M,0,0,1,6,0,7,1,6,0,37,yes,5,yes,0.135135135,yes,,
405,b4,fall wheat cc mix,7/28/23,yes,2.76,na,no,na,na,no,na,5/4/23,1M,0,0,0,0,0,0,0,0,0,,no,,no,,no,,
405,b4,fall wheat cc mix,7/28/23,yes,2.76,na,no,na,na,no,na,5/16/23,1M,0,0,0,0,0,0,0,0,0,,no,,no,,no,,
405,b4,fall wheat cc mix,7/28/23,yes,2.76,na,no,na,na,no,na,5/22/23,1M,0,2,0,0,0,2,2,0,2,,no,,no,,no,,
405,b4,fall wheat cc mix,7/28/23,yes,2.76,na,no,na,na,no,na,5/30/23,1M,0,0,0,0,0,0,0,0,0,,no,,no,,no,,
405,b4,fall wheat cc mix,7/28/23,yes,2.76,na,no,na,na,no,na,6/5/23,1M,0,0,0,0,0,0,0,0,0,,no,,no,,no,,
405,b4,fall wheat cc mix,7/28/23,yes,2.76,na,no,na,na,no,na,6/13/23,1M,0,0,0,0,0,0,0,0,0,,no,,no,,no,,
405,b4,fall wheat cc mix,7/28/23,yes,2.76,na,no,na,na,no,na,6/21/23,1M,0,0,0,0,0,0,0,0,0,,no,,no,,no,,
405,b4,fall wheat cc mix,7/28/23,yes,2.76,na,no,na,na,no,na,6/28/23,1M,0,0,0,0,0,0,0,0,0,,no,,no,,no,,
405,b4,fall wheat cc mix,7/28/23,yes,2.76,na,no,na,na,no,na,7/6/23,1M,0,0,0,0,0,0,0,0,0,,no,,no,,no,,
405,b4,fall wheat cc mix,7/28/23,yes,2.76,na,no,na,na,no,na,7/12/23,1M,0,8,0,0,0,8,8,0,8,,no,,no,,no,,
405,b4,fall wheat cc mix,7/28/23,yes,2.76,na,no,na,na,no,na,7/18/23,1M,2,7,0,0,0,9,9,0,1,,no,,no,,no,,
405,b4,fall wheat cc mix,7/28/23,yes,2.76,na,no,na,na,no,na,7/25/23,1M,0,6,4,1,0,11,10,1,0,,no,,no,,no,,
405,b4,fall wheat cc mix,7/28/23,yes,2.76,na,no,na,na,no,na,7/31/23,1M,0,6,4,0,0,10,10,0,0,,no,,no,,no,,
405,b4,fall wheat cc mix,7/28/23,yes,2.76,na,no,na,na,no,na,8/10/23,1M,0,6,4,0,0,10,10,0,0,,no,,no,,no,,
405,b4,fall wheat cc mix,7/28/23,yes,2.76,na,no,na,na,no,na,8/15/23,1M,0,5,3,1,0,9,8,1,0,,no,,no,,no,,
405,b4,fall wheat cc mix,7/28/23,yes,2.76,na,no,na,na,no,na,8/22/23,1M,0,0,3,1,0,4,3,1,0,,no,,no,,no,,
405,b4,fall wheat cc mix,7/28/23,yes,2.76,na,no,na,na,no,na,8/31/23,1M,0,1,3,1,1,6,4,2,0,,no,,no,,no,,
405,b4,fall wheat cc mix,7/28/23,yes,2.76,na,no,na,na,no,na,9/8/23,1M,0,0,0,7,0,7,0,7,0,,no,,no,,no,,
405,b4,fall wheat cc mix,7/28/23,yes,2.76,na,no,na,na,no,na,9/13/23,1M,0,0,5,2,0,7,5,2,5,,no,,no,,no,,
405,b4,fall wheat cc mix,7/28/23,yes,2.76,na,no,na,na,no,na,9/22/23,1M,0,0,1,3,0,4,1,3,0,,no,,no,,no,,
405,b4,fall wheat cc mix,7/28/23,yes,2.76,na,no,na,na,no,na,9/29/23,1M,0,0,4,4,0,8,4,4,2,18,yes,7,yes,0.388888889,yes,,
103,b1,fall wheat clover,7/28/23,yes,3.03,8/17/23,yes,1.8,na,no,na,5/4/23,1M,0,0,0,0,0,0,0,0,0,,no,,no,,no,,
103,b1,fall wheat clover,7/28/23,yes,3.03,8/17/23,yes,1.8,na,no,na,5/16/23,1M,1,5,0,0,0,6,6,0,6,,no,,no,,no,,
103,b1,fall wheat clover,7/28/23,yes,3.03,8/17/23,yes,1.8,na,no,na,5/22/23,1M,0,0,0,0,0,0,0,0,0,,no,,no,,no,,
103,b1,fall wheat clover,7/28/23,yes,3.03,8/17/23,yes,1.8,na,no,na,5/30/23,1M,0,0,0,0,0,0,0,0,0,,no,,no,,no,,
103,b1,fall wheat clover,7/28/23,yes,3.03,8/17/23,yes,1.8,na,no,na,6/5/23,1M,0,0,0,0,0,0,0,0,0,,no,,no,,no,,
103,b1,fall wheat clover,7/28/23,yes,3.03,8/17/23,yes,1.8,na,no,na,6/13/23,1M,0,0,0,0,0,0,0,0,0,,no,,no,,no,,
103,b1,fall wheat clover,7/28/23,yes,3.03,8/17/23,yes,1.8,na,no,na,6/21/23,1M,0,0,0,0,0,0,0,0,0,,no,,no,,no,,
103,b1,fall wheat clover,7/28/23,yes,3.03,8/17/23,yes,1.8,na,no,na,6/28/23,1M,0,0,0,0,0,0,0,0,0,,no,,no,,no,,
103,b1,fall wheat clover,7/28/23,yes,3.03,8/17/23,yes,1.8,na,no,na,7/6/23,1M,0,0,0,0,0,0,0,0,0,,no,,no,,no,,
103,b1,fall wheat clover,7/28/23,yes,3.03,8/17/23,yes,1.8,na,no,na,7/12/23,1M,0,0,0,0,0,0,0,0,0,,no,,no,,no,,
103,b1,fall wheat clover,7/28/23,yes,3.03,8/17/23,yes,1.8,na,no,na,7/18/23,1M,0,0,1,0,0,1,1,0,1,,no,,no,,no,,
103,b1,fall wheat clover,7/28/23,yes,3.03,8/17/23,yes,1.8,na,no,na,7/25/23,1M,0,0,1,0,0,1,1,0,0,,no,,no,,no,,
103,b1,fall wheat clover,7/28/23,yes,3.03,8/17/23,yes,1.8,na,no,na,7/31/23,1M,0,4,0,1,0,5,4,1,2,,no,,no,,no,,
103,b1,fall wheat clover,7/28/23,yes,3.03,8/17/23,yes,1.8,na,no,na,8/10/23,1M,0,0,2,3,0,5,2,3,0,,no,,no,,no,,
103,b1,fall wheat clover,7/28/23,yes,3.03,8/17/23,yes,1.8,na,no,na,8/15/23,1M,0,0,2,1,0,3,2,1,0,,no,,no,,no,,
103,b1,fall wheat clover,7/28/23,yes,3.03,8/17/23,yes,1.8,na,no,na,8/22/23,1M,0,0,2,0,0,2,2,0,0,,no,,no,,no,,
103,b1,fall wheat clover,7/28/23,yes,3.03,8/17/23,yes,1.8,na,no,na,8/31/23,1M,0,0,1,0,0,1,1,0,0,,no,,no,,no,,
103,b1,fall wheat clover,7/28/23,yes,3.03,8/17/23,yes,1.8,na,no,na,9/8/23,1M,0,0,2,0,0,2,2,0,1,,no,,no,,no,,
103,b1,fall wheat clover,7/28/23,yes,3.03,8/17/23,yes,1.8,na,no,na,9/13/23,1M,0,0,1,1,0,2,1,1,0,,no,,no,,no,,
103,b1,fall wheat clover,7/28/23,yes,3.03,8/17/23,yes,1.8,na,no,na,9/22/23,1M,0,0,1,0,0,1,1,0,0,,no,,no,,no,,
103,b1,fall wheat clover,7/28/23,yes,3.03,8/17/23,yes,1.8,na,no,na,9/29/23,1M,0,0,0,0,0,0,0,0,0,10,yes,0,yes,0,yes,,
203,b2,fall wheat clover,7/28/23,yes,3.48,8/17/23,yes,1.9,na,no,na,5/4/23,1M,0,0,0,0,0,0,0,0,0,,no,,no,,no,,
203,b2,fall wheat clover,7/28/23,yes,3.48,8/17/23,yes,1.9,na,no,na,5/16/23,1M,0,0,0,0,0,0,0,0,0,,no,,no,,no,,
203,b2,fall wheat clover,7/28/23,yes,3.48,8/17/23,yes,1.9,na,no,na,5/22/23,1M,0,1,0,0,0,1,1,0,1,,no,,no,,no,,
203,b2,fall wheat clover,7/28/23,yes,3.48,8/17/23,yes,1.9,na,no,na,5/30/23,1M,0,0,0,0,0,0,0,0,0,,no,,no,,no,,
203,b2,fall wheat clover,7/28/23,yes,3.48,8/17/23,yes,1.9,na,no,na,6/5/23,1M,0,0,0,0,0,0,0,0,0,,no,,no,,no,,
203,b2,fall wheat clover,7/28/23,yes,3.48,8/17/23,yes,1.9,na,no,na,6/13/23,1M,0,0,0,0,0,0,0,0,0,,no,,no,,no,,
203,b2,fall wheat clover,7/28/23,yes,3.48,8/17/23,yes,1.9,na,no,na,6/21/23,1M,0,0,0,0,0,0,0,0,0,,no,,no,,no,,
203,b2,fall wheat clover,7/28/23,yes,3.48,8/17/23,yes,1.9,na,no,na,6/28/23,1M,1,0,2,0,0,3,3,0,3,,no,,no,,no,,
203,b2,fall wheat clover,7/28/23,yes,3.48,8/17/23,yes,1.9,na,no,na,7/6/23,1M,0,0,0,0,0,0,0,0,0,,no,,no,,no,,
203,b2,fall wheat clover,7/28/23,yes,3.48,8/17/23,yes,1.9,na,no,na,7/12/23,1M,0,0,0,0,0,0,0,0,0,,no,,no,,no,,
203,b2,fall wheat clover,7/28/23,yes,3.48,8/17/23,yes,1.9,na,no,na,7/18/23,1M,0,0,4,0,0,4,4,0,4,,no,,no,,no,,
203,b2,fall wheat clover,7/28/23,yes,3.48,8/17/23,yes,1.9,na,no,na,7/25/23,1M,0,3,2,0,0,5,5,0,1,,no,,no,,no,,
203,b2,fall wheat clover,7/28/23,yes,3.48,8/17/23,yes,1.9,na,no,na,7/31/23,1M,0,5,1,0,0,6,6,0,1,,no,,no,,no,,
203,b2,fall wheat clover,7/28/23,yes,3.48,8/17/23,yes,1.9,na,no,na,8/10/23,1M,0,0,7,0,0,7,7,0,1,,no,,no,,no,,
203,b2,fall wheat clover,7/28/23,yes,3.48,8/17/23,yes,1.9,na,no,na,8/15/23,1M,0,0,8,2,0,10,8,2,0,,no,,no,,no,,
203,b2,fall wheat clover,7/28/23,yes,3.48,8/17/23,yes,1.9,na,no,na,8/22/23,1M,0,0,3,0,0,3,3,0,0,,no,,no,,no,,
203,b2,fall wheat clover,7/28/23,yes,3.48,8/17/23,yes,1.9,na,no,na,8/31/23,1M,0,0,1,2,0,3,1,2,0,,no,,no,,no,,
203,b2,fall wheat clover,7/28/23,yes,3.48,8/17/23,yes,1.9,na,no,na,9/8/23,1M,0,0,2,1,0,3,2,1,1,,no,,no,,no,,
203,b2,fall wheat clover,7/28/23,yes,3.48,8/17/23,yes,1.9,na,no,na,9/13/23,1M,0,0,2,1,0,3,2,1,0,,no,,no,,no,,
203,b2,fall wheat clover,7/28/23,yes,3.48,8/17/23,yes,1.9,na,no,na,9/22/23,1M,0,0,0,1,0,1,0,1,0,,no,,no,,no,,
203,b2,fall wheat clover,7/28/23,yes,3.48,8/17/23,yes,1.9,na,no,na,9/29/23,1M,0,0,0,1,0,1,0,1,0,12,yes,1,yes,0.083333333,yes,,
306,b3,fall wheat clover,7/28/23,yes,3.09,8/17/23,yes,1.8,na,no,na,5/4/23,1M,0,0,0,0,0,0,0,0,0,,no,,no,,no,,
306,b3,fall wheat clover,7/28/23,yes,3.09,8/17/23,yes,1.8,na,no,na,5/16/23,1M,0,0,0,0,0,0,0,0,0,,no,,no,,no,,
306,b3,fall wheat clover,7/28/23,yes,3.09,8/17/23,yes,1.8,na,no,na,5/22/23,1M,0,0,0,0,0,0,0,0,0,,no,,no,,no,,
306,b3,fall wheat clover,7/28/23,yes,3.09,8/17/23,yes,1.8,na,no,na,5/30/23,1M,0,0,0,0,0,0,0,0,0,,no,,no,,no,,
306,b3,fall wheat clover,7/28/23,yes,3.09,8/17/23,yes,1.8,na,no,na,6/5/23,1M,0,1,0,0,0,1,1,0,1,,no,,no,,no,,
306,b3,fall wheat clover,7/28/23,yes,3.09,8/17/23,yes,1.8,na,no,na,6/13/23,1M,0,0,0,0,0,0,0,0,0,,no,,no,,no,,
306,b3,fall wheat clover,7/28/23,yes,3.09,8/17/23,yes,1.8,na,no,na,6/21/23,1M,0,0,0,0,0,0,0,0,0,,no,,no,,no,,
306,b3,fall wheat clover,7/28/23,yes,3.09,8/17/23,yes,1.8,na,no,na,6/28/23,1M,0,0,0,0,0,0,0,0,0,,no,,no,,no,,
306,b3,fall wheat clover,7/28/23,yes,3.09,8/17/23,yes,1.8,na,no,na,7/6/23,1M,0,0,0,0,0,0,0,0,0,,no,,no,,no,,
306,b3,fall wheat clover,7/28/23,yes,3.09,8/17/23,yes,1.8,na,no,na,7/12/23,1M,0,0,0,0,0,0,0,0,0,,no,,no,,no,,
306,b3,fall wheat clover,7/28/23,yes,3.09,8/17/23,yes,1.8,na,no,na,7/18/23,1M,0,0,0,0,0,0,0,0,0,,no,,no,,no,,
306,b3,fall wheat clover,7/28/23,yes,3.09,8/17/23,yes,1.8,na,no,na,7/25/23,1M,0,2,1,1,0,4,3,1,2,,no,,no,,no,,
306,b3,fall wheat clover,7/28/23,yes,3.09,8/17/23,yes,1.8,na,no,na,7/31/23,1M,0,2,0,0,0,2,2,0,0,,no,,no,,no,,
306,b3,fall wheat clover,7/28/23,yes,3.09,8/17/23,yes,1.8,na,no,na,8/10/23,1M,0,0,4,0,0,4,4,0,2,,no,,no,,no,,
306,b3,fall wheat clover,7/28/23,yes,3.09,8/17/23,yes,1.8,na,no,na,8/15/23,1M,0,3,1,0,0,4,4,0,0,,no,,no,,no,,
306,b3,fall wheat clover,7/28/23,yes,3.09,8/17/23,yes,1.8,na,no,na,8/22/23,1M,0,0,0,4,0,4,0,4,0,,no,,no,,no,,
306,b3,fall wheat clover,7/28/23,yes,3.09,8/17/23,yes,1.8,na,no,na,8/31/23,1M,0,0,2,0,0,2,2,0,2,,no,,no,,no,,
306,b3,fall wheat clover,7/28/23,yes,3.09,8/17/23,yes,1.8,na,no,na,9/8/23,1M,0,0,1,0,0,1,1,0,0,,no,,no,,no,,
306,b3,fall wheat clover,7/28/23,yes,3.09,8/17/23,yes,1.8,na,no,na,9/13/23,1M,0,0,0,0,0,0,0,0,0,,no,,no,,no,,
306,b3,fall wheat clover,7/28/23,yes,3.09,8/17/23,yes,1.8,na,no,na,9/22/23,1M,0,0,0,0,0,0,0,0,0,,no,,no,,no,,
306,b3,fall wheat clover,7/28/23,yes,3.09,8/17/23,yes,1.8,na,no,na,9/29/23,1M,0,0,0,0,0,0,0,0,0,7,yes,0,yes,0,yes,,
402,b4,fall wheat clover,7/28/23,yes,2.7,8/17/23,yes,2.7,na,no,na,5/4/23,1M,0,0,0,0,0,0,0,0,0,,no,,no,,no,,
402,b4,fall wheat clover,7/28/23,yes,2.7,8/17/23,yes,2.7,na,no,na,5/16/23,1M,0,2,0,0,0,2,2,0,2,,no,,no,,no,,
402,b4,fall wheat clover,7/28/23,yes,2.7,8/17/23,yes,2.7,na,no,na,5/22/23,1M,0,0,0,0,0,0,0,0,0,,no,,no,,no,,
402,b4,fall wheat clover,7/28/23,yes,2.7,8/17/23,yes,2.7,na,no,na,5/30/23,1M,0,0,0,0,0,0,0,0,0,,no,,no,,no,,
402,b4,fall wheat clover,7/28/23,yes,2.7,8/17/23,yes,2.7,na,no,na,6/5/23,1M,0,0,0,0,0,0,0,0,0,,no,,no,,no,,
402,b4,fall wheat clover,7/28/23,yes,2.7,8/17/23,yes,2.7,na,no,na,6/13/23,1M,0,0,0,0,0,0,0,0,0,,no,,no,,no,,
402,b4,fall wheat clover,7/28/23,yes,2.7,8/17/23,yes,2.7,na,no,na,6/21/23,1M,0,0,0,0,0,0,0,0,0,,no,,no,,no,,
402,b4,fall wheat clover,7/28/23,yes,2.7,8/17/23,yes,2.7,na,no,na,6/28/23,1M,0,0,0,0,0,0,0,0,0,,no,,no,,no,,
402,b4,fall wheat clover,7/28/23,yes,2.7,8/17/23,yes,2.7,na,no,na,7/6/23,1M,0,0,0,0,0,0,0,0,0,,no,,no,,no,,
402,b4,fall wheat clover,7/28/23,yes,2.7,8/17/23,yes,2.7,na,no,na,7/12/23,1M,0,0,0,0,0,0,0,0,0,,no,,no,,no,,
402,b4,fall wheat clover,7/28/23,yes,2.7,8/17/23,yes,2.7,na,no,na,7/18/23,1M,0,0,0,0,0,0,0,0,0,,no,,no,,no,,
402,b4,fall wheat clover,7/28/23,yes,2.7,8/17/23,yes,2.7,na,no,na,7/25/23,1M,0,4,3,0,0,7,7,0,7,,no,,no,,no,,
402,b4,fall wheat clover,7/28/23,yes,2.7,8/17/23,yes,2.7,na,no,na,7/31/23,1M,0,5,1,1,0,7,6,1,0,,no,,no,,no,,
402,b4,fall wheat clover,7/28/23,yes,2.7,8/17/23,yes,2.7,na,no,na,8/10/23,1M,0,0,3,4,0,7,3,4,0,,no,,no,,no,,
402,b4,fall wheat clover,7/28/23,yes,2.7,8/17/23,yes,2.7,na,no,na,8/15/23,1M,0,0,3,4,0,7,3,4,0,,no,,no,,no,,
402,b4,fall wheat clover,7/28/23,yes,2.7,8/17/23,yes,2.7,na,no,na,8/22/23,1M,0,0,1,0,0,1,1,0,0,,no,,no,,no,,
402,b4,fall wheat clover,7/28/23,yes,2.7,8/17/23,yes,2.7,na,no,na,8/31/23,1M,0,1,2,0,0,3,3,0,2,,no,,no,,no,,
402,b4,fall wheat clover,7/28/23,yes,2.7,8/17/23,yes,2.7,na,no,na,9/8/23,1M,0,1,2,0,0,3,3,0,0,,no,,no,,no,,
402,b4,fall wheat clover,7/28/23,yes,2.7,8/17/23,yes,2.7,na,no,na,9/13/23,1M,0,0,3,0,0,3,3,0,0,,no,,no,,no,,
402,b4,fall wheat clover,7/28/23,yes,2.7,8/17/23,yes,2.7,na,no,na,9/22/23,1M,0,0,0,0,0,0,0,0,0,,no,,no,,no,,
402,b4,fall wheat clover,7/28/23,yes,2.7,8/17/23,yes,2.7,na,no,na,9/29/23,1M,0,0,0,0,0,0,0,0,0,11,yes,0,yes,0,yes,,
106,b1,oats cc mix,7/28/23,yes,1.48,na,no,na,na,no,na,5/4/23,1M,0,0,0,0,0,0,0,0,0,,no,,no,,no,,
106,b1,oats cc mix,7/28/23,yes,1.48,na,no,na,na,no,na,5/16/23,1M,0,0,0,0,0,0,0,0,0,,no,,no,,no,,
106,b1,oats cc mix,7/28/23,yes,1.48,na,no,na,na,no,na,5/22/23,1M,0,6,0,0,0,6,6,0,6,,no,,no,,no,,
106,b1,oats cc mix,7/28/23,yes,1.48,na,no,na,na,no,na,5/30/23,1M,0,4,0,0,0,4,4,0,0,,no,,no,,no,,
106,b1,oats cc mix,7/28/23,yes,1.48,na,no,na,na,no,na,6/5/23,1M,0,0,0,0,0,0,0,0,0,,no,,no,,no,,
106,b1,oats cc mix,7/28/23,yes,1.48,na,no,na,na,no,na,6/13/23,1M,0,0,0,0,0,0,0,0,0,,no,,no,,no,,
106,b1,oats cc mix,7/28/23,yes,1.48,na,no,na,na,no,na,6/21/23,1M,0,3,0,0,0,3,3,0,3,,no,,no,,no,,
106,b1,oats cc mix,7/28/23,yes,1.48,na,no,na,na,no,na,6/28/23,1M,2,7,0,0,0,9,9,0,6,,no,,no,,no,,
106,b1,oats cc mix,7/28/23,yes,1.48,na,no,na,na,no,na,7/6/23,1M,0,0,0,1,0,1,0,1,0,,no,,no,,no,,
106,b1,oats cc mix,7/28/23,yes,1.48,na,no,na,na,no,na,7/12/23,1M,0,9,0,0,0,9,9,0,9,,no,,no,,no,,
106,b1,oats cc mix,7/28/23,yes,1.48,na,no,na,na,no,na,7/18/23,1M,0,4,4,1,0,9,8,1,0,,no,,no,,no,,
106,b1,oats cc mix,7/28/23,yes,1.48,na,no,na,na,no,na,7/25/23,1M,1,9,3,0,0,13,13,0,5,,no,,no,,no,,
106,b1,oats cc mix,7/28/23,yes,1.48,na,no,na,na,no,na,7/31/23,1M,0,10,3,0,0,13,13,0,0,,no,,no,,no,,
106,b1,oats cc mix,7/28/23,yes,1.48,na,no,na,na,no,na,8/10/23,1M,0,0,9,3,0,12,9,3,0,,no,,no,,no,,
106,b1,oats cc mix,7/28/23,yes,1.48,na,no,na,na,no,na,8/15/23,1M,0,0,6,0,0,6,6,0,0,,no,,no,,no,,
106,b1,oats cc mix,7/28/23,yes,1.48,na,no,na,na,no,na,8/22/23,1M,0,0,6,0,0,6,6,0,0,,no,,no,,no,,
106,b1,oats cc mix,7/28/23,yes,1.48,na,no,na,na,no,na,8/31/23,1M,0,0,6,0,0,6,6,0,0,,no,,no,,no,,
106,b1,oats cc mix,7/28/23,yes,1.48,na,no,na,na,no,na,9/8/23,1M,0,0,3,3,0,6,3,3,0,,no,,no,,no,,
106,b1,oats cc mix,7/28/23,yes,1.48,na,no,na,na,no,na,9/13/23,1M,0,0,0,10,0,10,0,10,0,,no,,no,,no,,
106,b1,oats cc mix,7/28/23,yes,1.48,na,no,na,na,no,na,9/22/23,1M,0,2,4,0,0,6,6,0,6,,no,,no,,no,,
106,b1,oats cc mix,7/28/23,yes,1.48,na,no,na,na,no,na,9/29/23,1M,0,1,3,8,0,12,4,8,0,35,yes,13,yes,0.371428571,yes,,
202,b2,oats cc mix,7/28/23,yes,1.42,na,no,na,na,no,na,5/4/23,1M,0,0,0,0,0,0,0,0,0,,no,,no,,no,,
202,b2,oats cc mix,7/28/23,yes,1.42,na,no,na,na,no,na,5/16/23,1M,2,0,0,0,0,2,2,0,2,,no,,no,,no,,
202,b2,oats cc mix,7/28/23,yes,1.42,na,no,na,na,no,na,5/22/23,1M,0,6,0,0,0,6,6,0,4,,no,,no,,no,,
202,b2,oats cc mix,7/28/23,yes,1.42,na,no,na,na,no,na,5/30/23,1M,0,3,0,0,0,3,3,0,0,,no,,no,,no,,
202,b2,oats cc mix,7/28/23,yes,1.42,na,no,na,na,no,na,6/5/23,1M,0,7,0,0,0,7,7,0,4,,no,,no,,no,,
202,b2,oats cc mix,7/28/23,yes,1.42,na,no,na,na,no,na,6/13/23,1M,0,6,0,0,0,6,6,0,0,,no,,no,,no,,
202,b2,oats cc mix,7/28/23,yes,1.42,na,no,na,na,no,na,6/21/23,1M,0,6,0,0,0,6,6,0,0,,no,,no,,no,,
202,b2,oats cc mix,7/28/23,yes,1.42,na,no,na,na,no,na,6/28/23,1M,0,2,2,1,0,5,4,1,0,,no,,no,,no,,
202,b2,oats cc mix,7/28/23,yes,1.42,na,no,na,na,no,na,7/6/23,1M,0,0,5,2,0,7,5,2,0,,no,,no,,no,,
202,b2,oats cc mix,7/28/23,yes,1.42,na,no,na,na,no,na,7/12/23,1M,0,1,5,2,0,8,6,2,1,,no,,no,,no,,
202,b2,oats cc mix,7/28/23,yes,1.42,na,no,na,na,no,na,7/18/23,1M,0,4,3,6,0,13,7,6,0,,no,,no,,no,,
202,b2,oats cc mix,7/28/23,yes,1.42,na,no,na,na,no,na,7/25/23,1M,0,3,8,2,0,13,11,2,4,,no,,no,,no,,
202,b2,oats cc mix,7/28/23,yes,1.42,na,no,na,na,no,na,7/31/23,1M,0,7,4,2,0,13,11,2,0,,no,,no,,no,,
202,b2,oats cc mix,7/28/23,yes,1.42,na,no,na,na,no,na,8/10/23,1M,0,2,13,0,0,15,15,0,4,,no,,no,,no,,
202,b2,oats cc mix,7/28/23,yes,1.42,na,no,na,na,no,na,8/15/23,1M,0,0,3,0,0,3,3,0,0,,no,,no,,no,,
202,b2,oats cc mix,7/28/23,yes,1.42,na,no,na,na,no,na,8/22/23,1M,0,1,0,0,0,1,1,0,0,,no,,no,,no,,
202,b2,oats cc mix,7/28/23,yes,1.42,na,no,na,na,no,na,8/31/23,1M,0,0,1,0,0,1,1,0,0,,no,,no,,no,,
202,b2,oats cc mix,7/28/23,yes,1.42,na,no,na,na,no,na,9/8/23,1M,0,0,0,2,0,2,0,2,0,,no,,no,,no,,
202,b2,oats cc mix,7/28/23,yes,1.42,na,no,na,na,no,na,9/13/23,1M,0,0,0,1,0,1,0,1,0,,no,,no,,no,,
202,b2,oats cc mix,7/28/23,yes,1.42,na,no,na,na,no,na,9/22/23,1M,0,0,1,2,0,3,1,2,0,,no,,no,,no,,
202,b2,oats cc mix,7/28/23,yes,1.42,na,no,na,na,no,na,9/29/23,1M,0,1,0,2,0,3,1,2,0,19,yes,1,yes,0.052631579,yes,,
305,b3,oats cc mix,7/28/23,yes,1.68,na,no,na,na,no,na,5/4/23,1M,0,0,0,0,0,0,0,0,0,,no,,no,,no,,
305,b3,oats cc mix,7/28/23,yes,1.68,na,no,na,na,no,na,5/16/23,1M,4,4,0,0,0,8,8,0,8,,no,,no,,no,,
305,b3,oats cc mix,7/28/23,yes,1.68,na,no,na,na,no,na,5/22/23,1M,0,15,0,0,0,15,15,0,7,,no,,no,,no,,
305,b3,oats cc mix,7/28/23,yes,1.68,na,no,na,na,no,na,5/30/23,1M,0,0,0,0,0,0,0,0,0,,no,,no,,no,,
305,b3,oats cc mix,7/28/23,yes,1.68,na,no,na,na,no,na,6/5/23,1M,0,2,0,0,0,2,2,0,2,,no,,no,,no,,
305,b3,oats cc mix,7/28/23,yes,1.68,na,no,na,na,no,na,6/13/23,1M,0,2,0,0,0,2,2,0,0,,no,,no,,no,,
305,b3,oats cc mix,7/28/23,yes,1.68,na,no,na,na,no,na,6/21/23,1M,0,1,0,0,0,1,1,0,0,,no,,no,,no,,
305,b3,oats cc mix,7/28/23,yes,1.68,na,no,na,na,no,na,6/28/23,1M,0,0,1,0,0,1,1,0,0,,no,,no,,no,,
305,b3,oats cc mix,7/28/23,yes,1.68,na,no,na,na,no,na,7/6/23,1M,0,0,1,0,0,1,1,0,0,,no,,no,,no,,
305,b3,oats cc mix,7/28/23,yes,1.68,na,no,na,na,no,na,7/12/23,1M,0,0,1,0,0,1,1,0,0,,no,,no,,no,,
305,b3,oats cc mix,7/28/23,yes,1.68,na,no,na,na,no,na,7/18/23,1M,0,1,1,0,0,2,2,0,1,,no,,no,,no,,
305,b3,oats cc mix,7/28/23,yes,1.68,na,no,na,na,no,na,7/25/23,1M,0,6,1,0,0,7,7,0,5,,no,,no,,no,,
305,b3,oats cc mix,7/28/23,yes,1.68,na,no,na,na,no,na,7/31/23,1M,1,3,1,0,0,5,5,0,0,,no,,no,,no,,
305,b3,oats cc mix,7/28/23,yes,1.68,na,no,na,na,no,na,8/10/23,1M,0,0,5,0,0,5,5,0,0,,no,,no,,no,,
305,b3,oats cc mix,7/28/23,yes,1.68,na,no,na,na,no,na,8/15/23,1M,0,1,4,0,0,5,5,0,0,,no,,no,,no,,
305,b3,oats cc mix,7/28/23,yes,1.68,na,no,na,na,no,na,8/22/23,1M,0,2,1,0,0,3,3,0,0,,no,,no,,no,,
305,b3,oats cc mix,7/28/23,yes,1.68,na,no,na,na,no,na,8/31/23,1M,0,1,1,2,0,4,2,2,0,,no,,no,,no,,
305,b3,oats cc mix,7/28/23,yes,1.68,na,no,na,na,no,na,9/8/23,1M,0,0,1,2,1,4,1,3,0,,no,,no,,no,,
305,b3,oats cc mix,7/28/23,yes,1.68,na,no,na,na,no,na,9/13/23,1M,0,0,0,3,1,4,0,4,0,,no,,no,,no,,
305,b3,oats cc mix,7/28/23,yes,1.68,na,no,na,na,no,na,9/22/23,1M,0,0,0,3,1,4,0,4,0,,no,,no,,no,,
305,b3,oats cc mix,7/28/23,yes,1.68,na,no,na,na,no,na,9/29/23,1M,0,0,2,1,1,4,2,2,2,25,yes,3,yes,0.12,yes,,
403,b4,oats cc mix,7/28/23,yes,1.26,na,no,na,na,no,na,5/4/23,1M,0,0,0,0,0,0,0,0,0,,no,,no,,no,,
403,b4,oats cc mix,7/28/23,yes,1.26,na,no,na,na,no,na,5/16/23,1M,0,0,0,0,0,0,0,0,0,,no,,no,,no,,
403,b4,oats cc mix,7/28/23,yes,1.26,na,no,na,na,no,na,5/22/23,1M,0,0,0,0,0,0,0,0,0,,no,,no,,no,,
403,b4,oats cc mix,7/28/23,yes,1.26,na,no,na,na,no,na,5/30/23,1M,0,2,0,0,0,2,2,0,2,,no,,no,,no,,
403,b4,oats cc mix,7/28/23,yes,1.26,na,no,na,na,no,na,6/5/23,1M,0,0,0,0,0,0,0,0,0,,no,,no,,no,,
403,b4,oats cc mix,7/28/23,yes,1.26,na,no,na,na,no,na,6/13/23,1M,0,4,0,0,0,4,4,0,4,,no,,no,,no,,
403,b4,oats cc mix,7/28/23,yes,1.26,na,no,na,na,no,na,6/21/23,1M,0,0,0,0,0,0,0,0,0,,no,,no,,no,,
403,b4,oats cc mix,7/28/23,yes,1.26,na,no,na,na,no,na,6/28/23,1M,0,0,0,0,0,0,0,0,0,,no,,no,,no,,
403,b4,oats cc mix,7/28/23,yes,1.26,na,no,na,na,no,na,7/6/23,1M,0,0,0,0,0,0,0,0,0,,no,,no,,no,,
403,b4,oats cc mix,7/28/23,yes,1.26,na,no,na,na,no,na,7/12/23,1M,0,0,0,0,0,0,0,0,0,,no,,no,,no,,
403,b4,oats cc mix,7/28/23,yes,1.26,na,no,na,na,no,na,7/18/23,1M,0,0,0,0,0,0,0,0,0,,no,,no,,no,,
403,b4,oats cc mix,7/28/23,yes,1.26,na,no,na,na,no,na,7/25/23,1M,0,4,0,0,0,4,4,0,4,,no,,no,,no,,
403,b4,oats cc mix,7/28/23,yes,1.26,na,no,na,na,no,na,7/31/23,1M,0,5,0,0,0,5,5,0,1,,no,,no,,no,,
403,b4,oats cc mix,7/28/23,yes,1.26,na,no,na,na,no,na,8/10/23,1M,0,1,4,0,0,5,5,0,0,,no,,no,,no,,
403,b4,oats cc mix,7/28/23,yes,1.26,na,no,na,na,no,na,8/15/23,1M,0,1,2,0,0,3,3,0,0,,no,,no,,no,,
403,b4,oats cc mix,7/28/23,yes,1.26,na,no,na,na,no,na,8/22/23,1M,0,0,0,1,0,1,0,1,0,,no,,no,,no,,
403,b4,oats cc mix,7/28/23,yes,1.26,na,no,na,na,no,na,8/31/23,1M,0,0,1,0,0,1,1,0,1,,no,,no,,no,,
403,b4,oats cc mix,7/28/23,yes,1.26,na,no,na,na,no,na,9/8/23,1M,0,0,1,0,0,1,1,0,0,,no,,no,,no,,
403,b4,oats cc mix,7/28/23,yes,1.26,na,no,na,na,no,na,9/13/23,1M,0,0,0,0,0,0,0,0,0,,no,,no,,no,,
403,b4,oats cc mix,7/28/23,yes,1.26,na,no,na,na,no,na,9/22/23,1M,0,0,0,0,0,0,0,0,0,,no,,no,,no,,
403,b4,oats cc mix,7/28/23,yes,1.26,na,no,na,na,no,na,9/29/23,1M,0,1,0,0,0,1,1,0,1,13,yes,1,yes,0.076923077,yes,,
102,b1,rye silage ssgrass,5/18/23,yes,1.96,8/17/23,yes,1.2,na,no,na,5/4/23,1M,0,0,0,0,0,0,0,0,0,,no,,no,,no,,
102,b1,rye silage ssgrass,5/18/23,yes,1.96,8/17/23,yes,1.2,na,no,na,5/16/23,1M,7,8,0,0,0,15,15,0,15,,no,,no,,no,,
102,b1,rye silage ssgrass,5/18/23,yes,1.96,8/17/23,yes,1.2,na,no,na,5/22/23,1M,0,0,0,0,0,0,0,0,0,,no,,no,,no,,
102,b1,rye silage ssgrass,5/18/23,yes,1.96,8/17/23,yes,1.2,na,no,na,5/30/23,1M,0,0,0,0,0,0,0,0,0,,no,,no,,no,,
102,b1,rye silage ssgrass,5/18/23,yes,1.96,8/17/23,yes,1.2,na,no,na,6/5/23,1M,0,0,0,0,0,0,0,0,0,,no,,no,,no,,
102,b1,rye silage ssgrass,5/18/23,yes,1.96,8/17/23,yes,1.2,na,no,na,6/13/23,1M,0,0,0,0,0,0,0,0,0,,no,,no,,no,,
102,b1,rye silage ssgrass,5/18/23,yes,1.96,8/17/23,yes,1.2,na,no,na,6/21/23,1M,0,0,0,0,0,0,0,0,0,,no,,no,,no,,
102,b1,rye silage ssgrass,5/18/23,yes,1.96,8/17/23,yes,1.2,na,no,na,6/28/23,1M,7,38,0,0,0,45,45,0,45,,no,,no,,no,,
102,b1,rye silage ssgrass,5/18/23,yes,1.96,8/17/23,yes,1.2,na,no,na,7/6/23,1M,0,3,19,20,0,42,22,20,0,,no,,no,,no,,
102,b1,rye silage ssgrass,5/18/23,yes,1.96,8/17/23,yes,1.2,na,no,na,7/12/23,1M,0,10,14,18,0,42,24,18,2,,no,,no,,no,,
102,b1,rye silage ssgrass,5/18/23,yes,1.96,8/17/23,yes,1.2,na,no,na,7/18/23,1M,0,0,7,28,18,53,7,46,0,,no,,no,,no,,
102,b1,rye silage ssgrass,5/18/23,yes,1.96,8/17/23,yes,1.2,na,no,na,7/25/23,1M,0,3,6,37,7,53,9,44,2,,no,,no,,no,,
102,b1,rye silage ssgrass,5/18/23,yes,1.96,8/17/23,yes,1.2,na,no,na,7/31/23,1M,0,0,3,37,13,53,3,50,0,,no,,no,,no,,
102,b1,rye silage ssgrass,5/18/23,yes,1.96,8/17/23,yes,1.2,na,no,na,8/10/23,1M,0,0,6,28,20,54,6,48,3,,no,,no,,no,,
102,b1,rye silage ssgrass,5/18/23,yes,1.96,8/17/23,yes,1.2,na,no,na,8/15/23,1M,0,0,8,29,21,58,8,50,0,,no,,no,,no,,
102,b1,rye silage ssgrass,5/18/23,yes,1.96,8/17/23,yes,1.2,na,no,na,8/22/23,1M,0,0,5,0,0,5,5,0,0,,no,,no,,no,,
102,b1,rye silage ssgrass,5/18/23,yes,1.96,8/17/23,yes,1.2,na,no,na,8/31/23,1M,1,10,0,0,0,11,11,0,6,,no,,no,,no,,
102,b1,rye silage ssgrass,5/18/23,yes,1.96,8/17/23,yes,1.2,na,no,na,9/8/23,1M,0,2,6,3,0,11,8,3,0,,no,,no,,no,,
102,b1,rye silage ssgrass,5/18/23,yes,1.96,8/17/23,yes,1.2,na,no,na,9/13/23,1M,0,0,0,13,0,13,0,13,0,,no,,no,,no,,
102,b1,rye silage ssgrass,5/18/23,yes,1.96,8/17/23,yes,1.2,na,no,na,9/22/23,1M,0,0,5,6,0,11,5,6,5,,no,,no,,no,,
102,b1,rye silage ssgrass,5/18/23,yes,1.96,8/17/23,yes,1.2,na,no,na,9/29/23,1M,0,0,8,2,0,10,8,2,3,81,yes,9,yes,0.111111111,yes,,
206,b2,rye silage ssgrass,5/18/23,yes,2.33,8/17/23,yes,2,na,no,na,5/4/23,1M,0,0,0,0,0,0,0,0,0,,no,,no,,no,,
206,b2,rye silage ssgrass,5/18/23,yes,2.33,8/17/23,yes,2,na,no,na,5/16/23,1M,0,1,0,0,0,1,1,0,1,,no,,no,,no,,
206,b2,rye silage ssgrass,5/18/23,yes,2.33,8/17/23,yes,2,na,no,na,5/22/23,1M,0,0,0,0,0,0,0,0,0,,no,,no,,no,,
206,b2,rye silage ssgrass,5/18/23,yes,2.33,8/17/23,yes,2,na,no,na,5/30/23,1M,0,0,0,0,0,0,0,0,0,,no,,no,,no,,
206,b2,rye silage ssgrass,5/18/23,yes,2.33,8/17/23,yes,2,na,no,na,6/5/23,1M,0,0,0,0,0,0,0,0,0,,no,,no,,no,,
206,b2,rye silage ssgrass,5/18/23,yes,2.33,8/17/23,yes,2,na,no,na,6/13/23,1M,0,0,0,0,0,0,0,0,0,,no,,no,,no,,
206,b2,rye silage ssgrass,5/18/23,yes,2.33,8/17/23,yes,2,na,no,na,6/21/23,1M,0,0,0,0,0,0,0,0,0,,no,,no,,no,,
206,b2,rye silage ssgrass,5/18/23,yes,2.33,8/17/23,yes,2,na,no,na,6/28/23,1M,0,26,0,0,0,26,26,0,26,,no,,no,,no,,
206,b2,rye silage ssgrass,5/18/23,yes,2.33,8/17/23,yes,2,na,no,na,7/6/23,1M,0,0,20,7,0,27,20,7,0,,no,,no,,no,,
206,b2,rye silage ssgrass,5/18/23,yes,2.33,8/17/23,yes,2,na,no,na,7/12/23,1M,0,9,12,14,0,35,21,14,0,,no,,no,,no,,
206,b2,rye silage ssgrass,5/18/23,yes,2.33,8/17/23,yes,2,na,no,na,7/18/23,1M,0,0,19,8,6,33,19,14,0,,no,,no,,no,,
206,b2,rye silage ssgrass,5/18/23,yes,2.33,8/17/23,yes,2,na,no,na,7/25/23,1M,0,4,10,23,4,41,14,27,0,,no,,no,,no,,
206,b2,rye silage ssgrass,5/18/23,yes,2.33,8/17/23,yes,2,na,no,na,7/31/23,1M,0,4,15,19,5,43,19,24,5,,no,,no,,no,,
206,b2,rye silage ssgrass,5/18/23,yes,2.33,8/17/23,yes,2,na,no,na,8/10/23,1M,0,0,18,22,6,46,18,28,0,,no,,no,,no,,
206,b2,rye silage ssgrass,5/18/23,yes,2.33,8/17/23,yes,2,na,no,na,8/15/23,1M,0,0,15,25,7,47,15,32,0,,no,,no,,no,,
206,b2,rye silage ssgrass,5/18/23,yes,2.33,8/17/23,yes,2,na,no,na,8/22/23,1M,0,3,7,0,0,10,10,0,0,,no,,no,,no,,
206,b2,rye silage ssgrass,5/18/23,yes,2.33,8/17/23,yes,2,na,no,na,8/31/23,1M,0,0,10,0,0,10,10,0,0,,no,,no,,no,,
206,b2,rye silage ssgrass,5/18/23,yes,2.33,8/17/23,yes,2,na,no,na,9/8/23,1M,0,0,3,6,0,9,3,6,0,,no,,no,,no,,
206,b2,rye silage ssgrass,5/18/23,yes,2.33,8/17/23,yes,2,na,no,na,9/13/23,1M,0,0,2,6,0,8,2,6,0,,no,,no,,no,,
206,b2,rye silage ssgrass,5/18/23,yes,2.33,8/17/23,yes,2,na,no,na,9/22/23,1M,0,5,6,0,0,11,11,0,9,,no,,no,,no,,
206,b2,rye silage ssgrass,5/18/23,yes,2.33,8/17/23,yes,2,na,no,na,9/29/23,1M,0,0,6,1,0,7,6,1,0,41,yes,9,yes,0.219512195,yes,,
304,b3,rye silage ssgrass,5/18/23,yes,1.25,8/17/23,yes,1.5,na,no,na,5/4/23,1M,0,0,0,0,0,0,0,0,0,,no,,no,,no,,
304,b3,rye silage ssgrass,5/18/23,yes,1.25,8/17/23,yes,1.5,na,no,na,5/16/23,1M,3,0,0,0,0,3,3,0,3,,no,,no,,no,,
304,b3,rye silage ssgrass,5/18/23,yes,1.25,8/17/23,yes,1.5,na,no,na,5/22/23,1M,0,22,0,0,0,22,22,0,19,,no,,no,,no,,
304,b3,rye silage ssgrass,5/18/23,yes,1.25,8/17/23,yes,1.5,na,no,na,5/30/23,1M,0,0,0,0,0,0,0,0,0,,no,,no,,no,,
304,b3,rye silage ssgrass,5/18/23,yes,1.25,8/17/23,yes,1.5,na,no,na,6/5/23,1M,0,0,0,0,0,0,0,0,0,,no,,no,,no,,
304,b3,rye silage ssgrass,5/18/23,yes,1.25,8/17/23,yes,1.5,na,no,na,6/13/23,1M,0,0,0,0,0,0,0,0,0,,no,,no,,no,,
304,b3,rye silage ssgrass,5/18/23,yes,1.25,8/17/23,yes,1.5,na,no,na,6/21/23,1M,0,0,0,0,0,0,0,0,0,,no,,no,,no,,
304,b3,rye silage ssgrass,5/18/23,yes,1.25,8/17/23,yes,1.5,na,no,na,6/28/23,1M,0,0,16,0,0,16,16,0,16,,no,,no,,no,,
304,b3,rye silage ssgrass,5/18/23,yes,1.25,8/17/23,yes,1.5,na,no,na,7/6/23,1M,0,0,24,2,0,26,24,2,6,,no,,no,,no,,
304,b3,rye silage ssgrass,5/18/23,yes,1.25,8/17/23,yes,1.5,na,no,na,7/12/23,1M,0,0,23,4,0,27,23,4,0,,no,,no,,no,,
304,b3,rye silage ssgrass,5/18/23,yes,1.25,8/17/23,yes,1.5,na,no,na,7/18/23,1M,0,5,10,7,1,23,15,8,0,,no,,no,,no,,
304,b3,rye silage ssgrass,5/18/23,yes,1.25,8/17/23,yes,1.5,na,no,na,7/25/23,1M,0,1,4,13,3,21,5,16,0,,no,,no,,no,,
304,b3,rye silage ssgrass,5/18/23,yes,1.25,8/17/23,yes,1.5,na,no,na,7/31/23,1M,0,2,4,10,12,28,6,22,0,,no,,no,,no,,
304,b3,rye silage ssgrass,5/18/23,yes,1.25,8/17/23,yes,1.5,na,no,na,8/10/23,1M,0,0,4,11,19,34,4,30,0,,no,,no,,no,,
304,b3,rye silage ssgrass,5/18/23,yes,1.25,8/17/23,yes,1.5,na,no,na,8/15/23,1M,0,0,6,13,21,40,6,34,0,,no,,no,,no,,
304,b3,rye silage ssgrass,5/18/23,yes,1.25,8/17/23,yes,1.5,na,no,na,8/22/23,1M,0,0,9,0,0,9,9,0,3,,no,,no,,no,,
304,b3,rye silage ssgrass,5/18/23,yes,1.25,8/17/23,yes,1.5,na,no,na,8/31/23,1M,0,0,8,0,0,8,8,0,0,,no,,no,,no,,
304,b3,rye silage ssgrass,5/18/23,yes,1.25,8/17/23,yes,1.5,na,no,na,9/8/23,1M,0,1,6,0,0,7,7,0,0,,no,,no,,no,,
304,b3,rye silage ssgrass,5/18/23,yes,1.25,8/17/23,yes,1.5,na,no,na,9/13/23,1M,0,0,4,2,0,6,4,2,0,,no,,no,,no,,
304,b3,rye silage ssgrass,5/18/23,yes,1.25,8/17/23,yes,1.5,na,no,na,9/22/23,1M,0,0,5,1,0,6,5,1,1,,no,,no,,no,,
304,b3,rye silage ssgrass,5/18/23,yes,1.25,8/17/23,yes,1.5,na,no,na,9/29/23,1M,0,1,7,1,0,9,8,1,3,51,yes,9,yes,0.176470588,yes,,
401,b4,rye silage ssgrass,5/18/23,yes,1.99,8/17/23,yes,1.6,na,no,na,5/4/23,1M,0,0,0,0,0,0,0,0,0,,no,,no,,no,,
401,b4,rye silage ssgrass,5/18/23,yes,1.99,8/17/23,yes,1.6,na,no,na,5/16/23,1M,0,0,0,0,0,0,0,0,0,,no,,no,,no,,
401,b4,rye silage ssgrass,5/18/23,yes,1.99,8/17/23,yes,1.6,na,no,na,5/22/23,1M,0,2,0,0,0,2,2,0,2,,no,,no,,no,,
401,b4,rye silage ssgrass,5/18/23,yes,1.99,8/17/23,yes,1.6,na,no,na,5/30/23,1M,0,0,0,0,0,0,0,0,0,,no,,no,,no,,
401,b4,rye silage ssgrass,5/18/23,yes,1.99,8/17/23,yes,1.6,na,no,na,6/5/23,1M,0,0,0,0,0,0,0,0,0,,no,,no,,no,,
401,b4,rye silage ssgrass,5/18/23,yes,1.99,8/17/23,yes,1.6,na,no,na,6/13/23,1M,0,0,0,0,0,0,0,0,0,,no,,no,,no,,
401,b4,rye silage ssgrass,5/18/23,yes,1.99,8/17/23,yes,1.6,na,no,na,6/21/23,1M,0,0,0,0,0,0,0,0,0,,no,,no,,no,,
401,b4,rye silage ssgrass,5/18/23,yes,1.99,8/17/23,yes,1.6,na,no,na,6/28/23,1M,4,30,0,0,0,34,34,0,34,,no,,no,,no,,
401,b4,rye silage ssgrass,5/18/23,yes,1.99,8/17/23,yes,1.6,na,no,na,7/6/23,1M,0,0,32,3,0,35,32,3,0,,no,,no,,no,,
401,b4,rye silage ssgrass,5/18/23,yes,1.99,8/17/23,yes,1.6,na,no,na,7/12/23,1M,0,20,23,3,0,46,43,3,11,,no,,no,,no,,
401,b4,rye silage ssgrass,5/18/23,yes,1.99,8/17/23,yes,1.6,na,no,na,7/18/23,1M,0,19,24,3,0,46,43,3,0,,no,,no,,no,,
401,b4,rye silage ssgrass,5/18/23,yes,1.99,8/17/23,yes,1.6,na,no,na,7/25/23,1M,0,5,9,42,8,64,14,50,0,,no,,no,,no,,
401,b4,rye silage ssgrass,5/18/23,yes,1.99,8/17/23,yes,1.6,na,no,na,7/31/23,1M,0,6,7,30,22,65,13,52,0,,no,,no,,no,,
401,b4,rye silage ssgrass,5/18/23,yes,1.99,8/17/23,yes,1.6,na,no,na,8/10/23,1M,0,0,10,26,27,63,10,53,0,,no,,no,,no,,
401,b4,rye silage ssgrass,5/18/23,yes,1.99,8/17/23,yes,1.6,na,no,na,8/15/23,1M,0,0,12,27,29,68,12,56,0,,no,,no,,no,,
401,b4,rye silage ssgrass,5/18/23,yes,1.99,8/17/23,yes,1.6,na,no,na,8/22/23,1M,0,0,2,2,0,4,2,2,0,,no,,no,,no,,
401,b4,rye silage ssgrass,5/18/23,yes,1.99,8/17/23,yes,1.6,na,no,na,8/31/23,1M,0,0,1,2,0,3,1,2,0,,no,,no,,no,,
401,b4,rye silage ssgrass,5/18/23,yes,1.99,8/17/23,yes,1.6,na,no,na,9/8/23,1M,0,0,3,0,0,3,3,0,2,,no,,no,,no,,
401,b4,rye silage ssgrass,5/18/23,yes,1.99,8/17/23,yes,1.6,na,no,na,9/13/23,1M,0,0,0,2,0,2,0,2,0,,no,,no,,no,,
401,b4,rye silage ssgrass,5/18/23,yes,1.99,8/17/23,yes,1.6,na,no,na,9/22/23,1M,0,1,4,1,0,6,5,1,5,,no,,no,,no,,
401,b4,rye silage ssgrass,5/18/23,yes,1.99,8/17/23,yes,1.6,na,no,na,9/29/23,1M,0,0,0,3,0,3,0,3,0,54,yes,3,yes,0.055555556,yes,,
105,b1,spring alfalfa oats,7/28/23,yes,0.91,8/17/23,yes,1.8,na,no,na,5/4/23,1M,0,0,0,0,0,0,0,0,0,,no,,no,,no,,
105,b1,spring alfalfa oats,7/28/23,yes,0.91,8/17/23,yes,1.8,na,no,na,5/16/23,1M,2,3,0,0,0,5,5,0,5,,no,,no,,no,,
105,b1,spring alfalfa oats,7/28/23,yes,0.91,8/17/23,yes,1.8,na,no,na,5/22/23,1M,0,4,0,0,0,4,4,0,0,,no,,no,,no,,
105,b1,spring alfalfa oats,7/28/23,yes,0.91,8/17/23,yes,1.8,na,no,na,5/30/23,1M,0,6,0,0,0,6,6,0,2,,no,,no,,no,,
105,b1,spring alfalfa oats,7/28/23,yes,0.91,8/17/23,yes,1.8,na,no,na,6/5/23,1M,0,2,0,0,0,2,2,0,0,,no,,no,,no,,
105,b1,spring alfalfa oats,7/28/23,yes,0.91,8/17/23,yes,1.8,na,no,na,6/13/23,1M,0,3,0,0,0,3,3,0,1,,no,,no,,no,,
105,b1,spring alfalfa oats,7/28/23,yes,0.91,8/17/23,yes,1.8,na,no,na,6/21/23,1M,0,2,0,0,0,2,2,0,0,,no,,no,,no,,
105,b1,spring alfalfa oats,7/28/23,yes,0.91,8/17/23,yes,1.8,na,no,na,6/28/23,1M,0,1,0,0,0,1,1,0,0,,no,,no,,no,,
105,b1,spring alfalfa oats,7/28/23,yes,0.91,8/17/23,yes,1.8,na,no,na,7/6/23,1M,0,0,1,0,0,1,1,0,0,,no,,no,,no,,
105,b1,spring alfalfa oats,7/28/23,yes,0.91,8/17/23,yes,1.8,na,no,na,7/12/23,1M,0,1,2,0,0,3,3,0,2,,no,,no,,no,,
105,b1,spring alfalfa oats,7/28/23,yes,0.91,8/17/23,yes,1.8,na,no,na,7/18/23,1M,0,3,1,0,0,4,4,0,1,,no,,no,,no,,
105,b1,spring alfalfa oats,7/28/23,yes,0.91,8/17/23,yes,1.8,na,no,na,7/25/23,1M,0,2,2,0,0,4,4,0,0,,no,,no,,no,,
105,b1,spring alfalfa oats,7/28/23,yes,0.91,8/17/23,yes,1.8,na,no,na,7/31/23,1M,0,3,3,0,0,6,6,0,2,,no,,no,,no,,
105,b1,spring alfalfa oats,7/28/23,yes,0.91,8/17/23,yes,1.8,na,no,na,8/10/23,1M,0,0,5,0,0,5,5,0,0,,no,,no,,no,,
105,b1,spring alfalfa oats,7/28/23,yes,0.91,8/17/23,yes,1.8,na,no,na,8/15/23,1M,0,0,5,0,0,5,5,0,0,,no,,no,,no,,
105,b1,spring alfalfa oats,7/28/23,yes,0.91,8/17/23,yes,1.8,na,no,na,8/22/23,1M,0,1,2,0,0,3,3,0,0,,no,,no,,no,,
105,b1,spring alfalfa oats,7/28/23,yes,0.91,8/17/23,yes,1.8,na,no,na,8/31/23,1M,0,1,2,0,0,3,3,0,0,,no,,no,,no,,
105,b1,spring alfalfa oats,7/28/23,yes,0.91,8/17/23,yes,1.8,na,no,na,9/8/23,1M,0,0,3,0,0,3,3,0,0,,no,,no,,no,,
105,b1,spring alfalfa oats,7/28/23,yes,0.91,8/17/23,yes,1.8,na,no,na,9/13/23,1M,0,0,0,5,0,5,0,5,0,,no,,no,,no,,
105,b1,spring alfalfa oats,7/28/23,yes,0.91,8/17/23,yes,1.8,na,no,na,9/22/23,1M,0,0,3,0,0,3,3,0,3,,no,,no,,no,,
105,b1,spring alfalfa oats,7/28/23,yes,0.91,8/17/23,yes,1.8,na,no,na,9/29/23,1M,0,1,1,0,0,2,2,0,0,16,yes,5,yes,0.3125,yes,,
204,b2,spring alfalfa oats,7/28/23,yes,1.46,8/17/23,yes,1.4,na,no,na,5/4/23,1M,0,0,0,0,0,0,0,0,0,,no,,no,,no,,
204,b2,spring alfalfa oats,7/28/23,yes,1.46,8/17/23,yes,1.4,na,no,na,5/16/23,1M,5,3,0,0,0,8,8,0,8,,no,,no,,no,,
204,b2,spring alfalfa oats,7/28/23,yes,1.46,8/17/23,yes,1.4,na,no,na,5/22/23,1M,1,9,0,0,0,10,10,0,2,,no,,no,,no,,
204,b2,spring alfalfa oats,7/28/23,yes,1.46,8/17/23,yes,1.4,na,no,na,5/30/23,1M,0,2,0,0,0,2,2,0,0,,no,,no,,no,,
204,b2,spring alfalfa oats,7/28/23,yes,1.46,8/17/23,yes,1.4,na,no,na,6/5/23,1M,0,4,0,0,0,4,4,0,2,,no,,no,,no,,
204,b2,spring alfalfa oats,7/28/23,yes,1.46,8/17/23,yes,1.4,na,no,na,6/13/23,1M,0,5,0,0,0,5,5,0,1,,no,,no,,no,,
204,b2,spring alfalfa oats,7/28/23,yes,1.46,8/17/23,yes,1.4,na,no,na,6/21/23,1M,0,5,0,0,0,5,5,0,0,,no,,no,,no,,
204,b2,spring alfalfa oats,7/28/23,yes,1.46,8/17/23,yes,1.4,na,no,na,6/28/23,1M,0,0,0,0,0,0,0,0,0,,no,,no,,no,,
204,b2,spring alfalfa oats,7/28/23,yes,1.46,8/17/23,yes,1.4,na,no,na,7/6/23,1M,0,0,1,0,0,1,1,0,1,,no,,no,,no,,
204,b2,spring alfalfa oats,7/28/23,yes,1.46,8/17/23,yes,1.4,na,no,na,7/12/23,1M,0,5,1,0,0,6,6,0,5,,no,,no,,no,,
204,b2,spring alfalfa oats,7/28/23,yes,1.46,8/17/23,yes,1.4,na,no,na,7/18/23,1M,0,0,3,2,0,5,3,2,0,,no,,no,,no,,
204,b2,spring alfalfa oats,7/28/23,yes,1.46,8/17/23,yes,1.4,na,no,na,7/25/23,1M,1,2,2,1,0,6,5,1,2,,no,,no,,no,,
204,b2,spring alfalfa oats,7/28/23,yes,1.46,8/17/23,yes,1.4,na,no,na,7/31/23,1M,1,2,3,1,0,7,6,1,1,,no,,no,,no,,
204,b2,spring alfalfa oats,7/28/23,yes,1.46,8/17/23,yes,1.4,na,no,na,8/10/23,1M,3,2,5,0,0,10,10,0,4,,no,,no,,no,,
204,b2,spring alfalfa oats,7/28/23,yes,1.46,8/17/23,yes,1.4,na,no,na,8/15/23,1M,0,1,6,0,0,7,7,0,0,,no,,no,,no,,
204,b2,spring alfalfa oats,7/28/23,yes,1.46,8/17/23,yes,1.4,na,no,na,8/22/23,1M,0,1,2,0,0,3,3,0,0,,no,,no,,no,,
204,b2,spring alfalfa oats,7/28/23,yes,1.46,8/17/23,yes,1.4,na,no,na,8/31/23,1M,0,0,3,0,0,3,3,0,0,,no,,no,,no,,
204,b2,spring alfalfa oats,7/28/23,yes,1.46,8/17/23,yes,1.4,na,no,na,9/8/23,1M,0,0,2,0,0,2,2,0,0,,no,,no,,no,,
204,b2,spring alfalfa oats,7/28/23,yes,1.46,8/17/23,yes,1.4,na,no,na,9/13/23,1M,0,0,1,0,0,1,1,0,0,,no,,no,,no,,
204,b2,spring alfalfa oats,7/28/23,yes,1.46,8/17/23,yes,1.4,na,no,na,9/22/23,1M,0,0,0,0,0,0,0,0,0,,no,,no,,no,,
204,b2,spring alfalfa oats,7/28/23,yes,1.46,8/17/23,yes,1.4,na,no,na,9/29/23,1M,0,0,0,0,0,0,0,0,0,26,yes,1,yes,0.038461538,yes,,
301,b3,spring alfalfa oats,7/28/23,yes,1.25,8/17/23,yes,1.8,na,no,na,5/4/23,1M,0,0,0,0,0,0,0,0,0,,no,,no,,no,,
301,b3,spring alfalfa oats,7/28/23,yes,1.25,8/17/23,yes,1.8,na,no,na,5/16/23,1M,0,0,0,0,0,0,0,0,0,,no,,no,,no,,
301,b3,spring alfalfa oats,7/28/23,yes,1.25,8/17/23,yes,1.8,na,no,na,5/22/23,1M,1,15,0,0,0,16,16,0,16,,no,,no,,no,,
301,b3,spring alfalfa oats,7/28/23,yes,1.25,8/17/23,yes,1.8,na,no,na,5/30/23,1M,2,14,0,0,0,16,16,0,0,,no,,no,,no,,
301,b3,spring alfalfa oats,7/28/23,yes,1.25,8/17/23,yes,1.8,na,no,na,6/5/23,1M,0,11,4,0,0,15,15,0,0,,no,,no,,no,,
301,b3,spring alfalfa oats,7/28/23,yes,1.25,8/17/23,yes,1.8,na,no,na,6/13/23,1M,0,5,0,0,0,5,5,0,0,,no,,no,,no,,
301,b3,spring alfalfa oats,7/28/23,yes,1.25,8/17/23,yes,1.8,na,no,na,6/21/23,1M,0,6,3,0,0,9,9,0,4,,no,,no,,no,,
301,b3,spring alfalfa oats,7/28/23,yes,1.25,8/17/23,yes,1.8,na,no,na,6/28/23,1M,0,5,2,0,0,7,7,0,0,,no,,no,,no,,
301,b3,spring alfalfa oats,7/28/23,yes,1.25,8/17/23,yes,1.8,na,no,na,7/6/23,1M,0,0,3,3,0,6,3,3,0,,no,,no,,no,,
301,b3,spring alfalfa oats,7/28/23,yes,1.25,8/17/23,yes,1.8,na,no,na,7/12/23,1M,0,1,2,0,0,3,3,0,0,,no,,no,,no,,
301,b3,spring alfalfa oats,7/28/23,yes,1.25,8/17/23,yes,1.8,na,no,na,7/18/23,1M,0,3,3,0,0,6,6,0,3,,no,,no,,no,,
301,b3,spring alfalfa oats,7/28/23,yes,1.25,8/17/23,yes,1.8,na,no,na,7/25/23,1M,1,2,2,1,0,6,5,1,0,,no,,no,,no,,
301,b3,spring alfalfa oats,7/28/23,yes,1.25,8/17/23,yes,1.8,na,no,na,7/31/23,1M,0,4,4,1,0,9,8,1,3,,no,,no,,no,,
301,b3,spring alfalfa oats,7/28/23,yes,1.25,8/17/23,yes,1.8,na,no,na,8/10/23,1M,0,2,3,5,0,10,5,5,0,,no,,no,,no,,
301,b3,spring alfalfa oats,7/28/23,yes,1.25,8/17/23,yes,1.8,na,no,na,8/15/23,1M,0,0,3,5,0,8,3,5,0,,no,,no,,no,,
301,b3,spring alfalfa oats,7/28/23,yes,1.25,8/17/23,yes,1.8,na,no,na,8/22/23,1M,0,0,10,0,0,10,10,0,7,,no,,no,,no,,
301,b3,spring alfalfa oats,7/28/23,yes,1.25,8/17/23,yes,1.8,na,no,na,8/31/23,1M,1,1,4,0,0,6,6,0,0,,no,,no,,no,,
301,b3,spring alfalfa oats,7/28/23,yes,1.25,8/17/23,yes,1.8,na,no,na,9/8/23,1M,0,0,1,5,0,6,1,5,0,,no,,no,,no,,
301,b3,spring alfalfa oats,7/28/23,yes,1.25,8/17/23,yes,1.8,na,no,na,9/13/23,1M,0,0,2,6,0,8,2,6,0,,no,,no,,no,,
301,b3,spring alfalfa oats,7/28/23,yes,1.25,8/17/23,yes,1.8,na,no,na,9/22/23,1M,0,0,1,2,2,5,1,4,0,,no,,no,,no,,
301,b3,spring alfalfa oats,7/28/23,yes,1.25,8/17/23,yes,1.8,na,no,na,9/29/23,1M,0,1,4,0,0,5,5,0,4,37,yes,4,yes,0.108108108,yes,,
406,b4,spring alfalfa oats,7/28/23,yes,0.88,8/17/23,yes,1.3,na,no,na,5/4/23,1M,0,0,0,0,0,0,0,0,0,,no,,no,,no,,
406,b4,spring alfalfa oats,7/28/23,yes,0.88,8/17/23,yes,1.3,na,no,na,5/16/23,1M,3,0,0,0,0,3,3,0,3,,no,,no,,no,,
406,b4,spring alfalfa oats,7/28/23,yes,0.88,8/17/23,yes,1.3,na,no,na,5/22/23,1M,0,0,0,0,0,0,0,0,0,,no,,no,,no,,
406,b4,spring alfalfa oats,7/28/23,yes,0.88,8/17/23,yes,1.3,na,no,na,5/30/23,1M,0,0,0,0,0,0,0,0,0,,no,,no,,no,,
406,b4,spring alfalfa oats,7/28/23,yes,0.88,8/17/23,yes,1.3,na,no,na,6/5/23,1M,0,0,0,0,0,0,0,0,0,,no,,no,,no,,
406,b4,spring alfalfa oats,7/28/23,yes,0.88,8/17/23,yes,1.3,na,no,na,6/13/23,1M,0,0,0,0,0,0,0,0,0,,no,,no,,no,,
406,b4,spring alfalfa oats,7/28/23,yes,0.88,8/17/23,yes,1.3,na,no,na,6/21/23,1M,0,0,0,0,0,0,0,0,0,,no,,no,,no,,
406,b4,spring alfalfa oats,7/28/23,yes,0.88,8/17/23,yes,1.3,na,no,na,6/28/23,1M,0,1,1,0,0,2,2,0,2,,no,,no,,no,,
406,b4,spring alfalfa oats,7/28/23,yes,0.88,8/17/23,yes,1.3,na,no,na,7/6/23,1M,0,0,2,0,0,2,2,0,0,,no,,no,,no,,
406,b4,spring alfalfa oats,7/28/23,yes,0.88,8/17/23,yes,1.3,na,no,na,7/12/23,1M,0,0,0,0,0,0,0,0,0,,no,,no,,no,,
406,b4,spring alfalfa oats,7/28/23,yes,0.88,8/17/23,yes,1.3,na,no,na,7/18/23,1M,0,0,0,0,0,0,0,0,0,,no,,no,,no,,
406,b4,spring alfalfa oats,7/28/23,yes,0.88,8/17/23,yes,1.3,na,no,na,7/25/23,1M,0,1,0,1,0,2,1,1,0,,no,,no,,no,,
406,b4,spring alfalfa oats,7/28/23,yes,0.88,8/17/23,yes,1.3,na,no,na,7/31/23,1M,0,2,0,0,0,2,2,0,1,,no,,no,,no,,
406,b4,spring alfalfa oats,7/28/23,yes,0.88,8/17/23,yes,1.3,na,no,na,8/10/23,1M,0,2,0,0,0,2,2,0,0,,no,,no,,no,,
406,b4,spring alfalfa oats,7/28/23,yes,0.88,8/17/23,yes,1.3,na,no,na,8/15/23,1M,0,2,0,0,0,2,2,0,0,,no,,no,,no,,
406,b4,spring alfalfa oats,7/28/23,yes,0.88,8/17/23,yes,1.3,na,no,na,8/22/23,1M,0,0,0,0,0,0,0,0,0,,no,,no,,no,,
406,b4,spring alfalfa oats,7/28/23,yes,0.88,8/17/23,yes,1.3,na,no,na,8/31/23,1M,0,0,0,0,0,0,0,0,0,,no,,no,,no,,
406,b4,spring alfalfa oats,7/28/23,yes,0.88,8/17/23,yes,1.3,na,no,na,9/8/23,1M,0,0,0,1,0,1,0,1,0,,no,,no,,no,,
406,b4,spring alfalfa oats,7/28/23,yes,0.88,8/17/23,yes,1.3,na,no,na,9/13/23,1M,0,0,0,0,0,0,0,0,0,,no,,no,,no,,
406,b4,spring alfalfa oats,7/28/23,yes,0.88,8/17/23,yes,1.3,na,no,na,9/22/23,1M,0,0,0,0,0,0,0,0,0,,no,,no,,no,,
406,b4,spring alfalfa oats,7/28/23,yes,0.88,8/17/23,yes,1.3,na,no,na,9/29/23,1M,0,0,0,0,0,0,0,0,0,6,yes,0,yes,0,yes,,
101,b1,spring alfalfa orchard grass,7/7/23,yes,0.5,8/17/23,yes,1.8,na,no,na,5/4/23,1M,0,0,0,0,0,0,0,0,0,,no,,no,,no,,
101,b1,spring alfalfa orchard grass,7/7/23,yes,0.5,8/17/23,yes,1.8,na,no,na,5/16/23,1M,6,12,0,0,0,18,18,0,18,,no,,no,,no,,
101,b1,spring alfalfa orchard grass,7/7/23,yes,0.5,8/17/23,yes,1.8,na,no,na,5/22/23,1M,0,7,0,0,0,7,7,0,0,,no,,no,,no,,
101,b1,spring alfalfa orchard grass,7/7/23,yes,0.5,8/17/23,yes,1.8,na,no,na,5/30/23,1M,0,4,0,0,0,4,4,0,0,,no,,no,,no,,
101,b1,spring alfalfa orchard grass,7/7/23,yes,0.5,8/17/23,yes,1.8,na,no,na,6/5/23,1M,0,17,1,0,0,18,18,0,14,,no,,no,,no,,
101,b1,spring alfalfa orchard grass,7/7/23,yes,0.5,8/17/23,yes,1.8,na,no,na,6/13/23,1M,0,12,3,0,0,15,15,0,0,,no,,no,,no,,
101,b1,spring alfalfa orchard grass,7/7/23,yes,0.5,8/17/23,yes,1.8,na,no,na,6/21/23,1M,0,16,4,0,0,20,20,0,5,,no,,no,,no,,
101,b1,spring alfalfa orchard grass,7/7/23,yes,0.5,8/17/23,yes,1.8,na,no,na,6/28/23,1M,0,12,4,0,0,16,16,0,0,,no,,no,,no,,
101,b1,spring alfalfa orchard grass,7/7/23,yes,0.5,8/17/23,yes,1.8,na,no,na,7/6/23,1M,0,2,9,4,0,15,11,4,0,,no,,no,,no,,
101,b1,spring alfalfa orchard grass,7/7/23,yes,0.5,8/17/23,yes,1.8,na,no,na,7/12/23,1M,0,0,15,0,0,15,15,0,4,,no,,no,,no,,
101,b1,spring alfalfa orchard grass,7/7/23,yes,0.5,8/17/23,yes,1.8,na,no,na,7/18/23,1M,0,1,8,5,0,14,9,5,0,,no,,no,,no,,
101,b1,spring alfalfa orchard grass,7/7/23,yes,0.5,8/17/23,yes,1.8,na,no,na,7/25/23,1M,1,10,3,1,0,15,14,1,5,,no,,no,,no,,
101,b1,spring alfalfa orchard grass,7/7/23,yes,0.5,8/17/23,yes,1.8,na,no,na,7/31/23,1M,1,6,6,2,0,15,13,2,0,,no,,no,,no,,
101,b1,spring alfalfa orchard grass,7/7/23,yes,0.5,8/17/23,yes,1.8,na,no,na,8/10/23,1M,0,5,8,1,0,14,13,1,0,,no,,no,,no,,
101,b1,spring alfalfa orchard grass,7/7/23,yes,0.5,8/17/23,yes,1.8,na,no,na,8/15/23,1M,0,4,10,1,0,15,14,1,1,,no,,no,,no,,
101,b1,spring alfalfa orchard grass,7/7/23,yes,0.5,8/17/23,yes,1.8,na,no,na,8/22/23,1M,0,3,0,0,0,3,3,0,0,,no,,no,,no,,
101,b1,spring alfalfa orchard grass,7/7/23,yes,0.5,8/17/23,yes,1.8,na,no,na,8/31/23,1M,0,2,2,0,0,4,4,0,1,,no,,no,,no,,
101,b1,spring alfalfa orchard grass,7/7/23,yes,0.5,8/17/23,yes,1.8,na,no,na,9/8/23,1M,0,1,3,0,0,4,4,0,0,,no,,no,,no,,
101,b1,spring alfalfa orchard grass,7/7/23,yes,0.5,8/17/23,yes,1.8,na,no,na,9/13/23,1M,0,0,3,0,0,3,3,0,0,,no,,no,,no,,
101,b1,spring alfalfa orchard grass,7/7/23,yes,0.5,8/17/23,yes,1.8,na,no,na,9/22/23,1M,0,0,3,0,0,3,3,0,0,,no,,no,,no,,
101,b1,spring alfalfa orchard grass,7/7/23,yes,0.5,8/17/23,yes,1.8,na,no,na,9/29/23,1M,0,0,5,1,0,6,5,1,1,49,yes,6,yes,0.12244898,yes,,
205,b2,spring alfalfa orchard grass,7/7/23,yes,0.47,8/17/23,yes,2.3,na,no,na,5/4/23,1M,0,0,0,0,0,0,0,0,0,,no,,no,,no,,
205,b2,spring alfalfa orchard grass,7/7/23,yes,0.47,8/17/23,yes,2.3,na,no,na,5/16/23,1M,6,1,0,0,0,7,7,0,7,,no,,no,,no,,
205,b2,spring alfalfa orchard grass,7/7/23,yes,0.47,8/17/23,yes,2.3,na,no,na,5/22/23,1M,0,7,0,0,0,7,7,0,0,,no,,no,,no,,
205,b2,spring alfalfa orchard grass,7/7/23,yes,0.47,8/17/23,yes,2.3,na,no,na,5/30/23,1M,1,11,0,0,0,12,12,0,5,,no,,no,,no,,
205,b2,spring alfalfa orchard grass,7/7/23,yes,0.47,8/17/23,yes,2.3,na,no,na,6/5/23,1M,0,4,1,0,0,5,5,0,0,,no,,no,,no,,
205,b2,spring alfalfa orchard grass,7/7/23,yes,0.47,8/17/23,yes,2.3,na,no,na,6/13/23,1M,0,6,7,0,0,13,13,0,8,,no,,no,,no,,
205,b2,spring alfalfa orchard grass,7/7/23,yes,0.47,8/17/23,yes,2.3,na,no,na,6/21/23,1M,0,0,10,2,0,12,10,2,0,,no,,no,,no,,
205,b2,spring alfalfa orchard grass,7/7/23,yes,0.47,8/17/23,yes,2.3,na,no,na,6/28/23,1M,0,12,5,0,0,17,17,0,7,,no,,no,,no,,
205,b2,spring alfalfa orchard grass,7/7/23,yes,0.47,8/17/23,yes,2.3,na,no,na,7/6/23,1M,0,0,4,7,2,13,4,9,0,,no,,no,,no,,
205,b2,spring alfalfa orchard grass,7/7/23,yes,0.47,8/17/23,yes,2.3,na,no,na,7/12/23,1M,0,0,5,1,0,6,5,1,1,,no,,no,,no,,
205,b2,spring alfalfa orchard grass,7/7/23,yes,0.47,8/17/23,yes,2.3,na,no,na,7/18/23,1M,0,0,7,1,0,8,7,1,2,,no,,no,,no,,
205,b2,spring alfalfa orchard grass,7/7/23,yes,0.47,8/17/23,yes,2.3,na,no,na,7/25/23,1M,0,1,5,1,0,7,6,1,0,,no,,no,,no,,
205,b2,spring alfalfa orchard grass,7/7/23,yes,0.47,8/17/23,yes,2.3,na,no,na,7/31/23,1M,0,5,5,1,0,11,10,1,4,,no,,no,,no,,
205,b2,spring alfalfa orchard grass,7/7/23,yes,0.47,8/17/23,yes,2.3,na,no,na,8/10/23,1M,0,2,7,1,0,10,9,1,0,,no,,no,,no,,
205,b2,spring alfalfa orchard grass,7/7/23,yes,0.47,8/17/23,yes,2.3,na,no,na,8/15/23,1M,0,0,7,1,0,8,7,1,0,,no,,no,,no,,
205,b2,spring alfalfa orchard grass,7/7/23,yes,0.47,8/17/23,yes,2.3,na,no,na,8/22/23,1M,0,2,5,0,0,7,7,0,0,,no,,no,,no,,
205,b2,spring alfalfa orchard grass,7/7/23,yes,0.47,8/17/23,yes,2.3,na,no,na,8/31/23,1M,0,1,14,0,0,15,15,0,8,,no,,no,,no,,
205,b2,spring alfalfa orchard grass,7/7/23,yes,0.47,8/17/23,yes,2.3,na,no,na,9/8/23,1M,0,0,14,0,0,14,14,0,0,,no,,no,,no,,
205,b2,spring alfalfa orchard grass,7/7/23,yes,0.47,8/17/23,yes,2.3,na,no,na,9/13/23,1M,0,0,9,5,0,14,9,5,0,,no,,no,,no,,
205,b2,spring alfalfa orchard grass,7/7/23,yes,0.47,8/17/23,yes,2.3,na,no,na,9/22/23,1M,0,3,4,0,0,7,7,0,0,,no,,no,,no,,
205,b2,spring alfalfa orchard grass,7/7/23,yes,0.47,8/17/23,yes,2.3,na,no,na,9/29/23,1M,0,0,7,0,0,7,7,0,0,42,yes,5,yes,0.119047619,yes,,
303,b3,spring alfalfa orchard grass,7/7/23,yes,0.45,8/17/23,yes,1.7,na,no,na,5/4/23,1M,0,0,0,0,0,0,0,0,0,,no,,no,,no,,
303,b3,spring alfalfa orchard grass,7/7/23,yes,0.45,8/17/23,yes,1.7,na,no,na,5/16/23,1M,2,3,0,0,0,5,5,0,5,,no,,no,,no,,
303,b3,spring alfalfa orchard grass,7/7/23,yes,0.45,8/17/23,yes,1.7,na,no,na,5/22/23,1M,0,21,0,0,0,21,21,0,16,,no,,no,,no,,
303,b3,spring alfalfa orchard grass,7/7/23,yes,0.45,8/17/23,yes,1.7,na,no,na,5/30/23,1M,0,8,0,0,0,8,8,0,0,,no,,no,,no,,
303,b3,spring alfalfa orchard grass,7/7/23,yes,0.45,8/17/23,yes,1.7,na,no,na,6/5/23,1M,0,6,5,0,0,11,11,0,3,,no,,no,,no,,
303,b3,spring alfalfa orchard grass,7/7/23,yes,0.45,8/17/23,yes,1.7,na,no,na,6/13/23,1M,0,30,7,0,0,37,37,0,26,,no,,no,,no,,
303,b3,spring alfalfa orchard grass,7/7/23,yes,0.45,8/17/23,yes,1.7,na,no,na,6/21/23,1M,0,15,24,5,0,44,39,5,0,,no,,no,,no,,
303,b3,spring alfalfa orchard grass,7/7/23,yes,0.45,8/17/23,yes,1.7,na,no,na,6/28/23,1M,0,9,19,12,2,42,28,14,0,,no,,no,,no,,
303,b3,spring alfalfa orchard grass,7/7/23,yes,0.45,8/17/23,yes,1.7,na,no,na,7/6/23,1M,0,8,13,14,5,40,21,19,0,,no,,no,,no,,
303,b3,spring alfalfa orchard grass,7/7/23,yes,0.45,8/17/23,yes,1.7,na,no,na,7/12/23,1M,0,10,9,0,0,19,19,0,0,,no,,no,,no,,
303,b3,spring alfalfa orchard grass,7/7/23,yes,0.45,8/17/23,yes,1.7,na,no,na,7/18/23,1M,0,11,15,0,0,26,26,0,7,,no,,no,,no,,
303,b3,spring alfalfa orchard grass,7/7/23,yes,0.45,8/17/23,yes,1.7,na,no,na,7/25/23,1M,0,4,16,4,0,24,20,4,0,,no,,no,,no,,
303,b3,spring alfalfa orchard grass,7/7/23,yes,0.45,8/17/23,yes,1.7,na,no,na,7/31/23,1M,0,9,8,11,1,29,17,12,0,,no,,no,,no,,
303,b3,spring alfalfa orchard grass,7/7/23,yes,0.45,8/17/23,yes,1.7,na,no,na,8/10/23,1M,0,0,3,12,4,19,3,16,0,,no,,no,,no,,
303,b3,spring alfalfa orchard grass,7/7/23,yes,0.45,8/17/23,yes,1.7,na,no,na,8/15/23,1M,0,0,8,4,4,16,8,8,5,,no,,no,,no,,
303,b3,spring alfalfa orchard grass,7/7/23,yes,0.45,8/17/23,yes,1.7,na,no,na,8/22/23,1M,0,2,10,0,0,12,12,0,4,,no,,no,,no,,
303,b3,spring alfalfa orchard grass,7/7/23,yes,0.45,8/17/23,yes,1.7,na,no,na,8/31/23,1M,0,0,23,0,0,23,23,0,11,,no,,no,,no,,
303,b3,spring alfalfa orchard grass,7/7/23,yes,0.45,8/17/23,yes,1.7,na,no,na,9/8/23,1M,0,1,20,0,0,21,21,0,0,,no,,no,,no,,
303,b3,spring alfalfa orchard grass,7/7/23,yes,0.45,8/17/23,yes,1.7,na,no,na,9/13/23,1M,0,0,5,0,0,5,5,0,0,,no,,no,,no,,
303,b3,spring alfalfa orchard grass,7/7/23,yes,0.45,8/17/23,yes,1.7,na,no,na,9/22/23,1M,0,0,5,1,0,6,5,1,0,,no,,no,,no,,
303,b3,spring alfalfa orchard grass,7/7/23,yes,0.45,8/17/23,yes,1.7,na,no,na,9/29/23,1M,0,0,5,0,0,5,5,0,0,77,yes,4,yes,0.051948052,yes,,
404,b4,spring alfalfa orchard grass,7/7/23,yes,0.24,8/17/23,yes,1.4,na,no,na,5/4/23,1M,0,0,0,0,0,0,0,0,0,,no,,no,,no,,
404,b4,spring alfalfa orchard grass,7/7/23,yes,0.24,8/17/23,yes,1.4,na,no,na,5/16/23,1M,3,2,0,0,0,5,5,0,5,,no,,no,,no,,
404,b4,spring alfalfa orchard grass,7/7/23,yes,0.24,8/17/23,yes,1.4,na,no,na,5/22/23,1M,1,4,0,0,0,5,5,0,0,,no,,no,,no,,
404,b4,spring alfalfa orchard grass,7/7/23,yes,0.24,8/17/23,yes,1.4,na,no,na,5/30/23,1M,0,0,0,0,0,0,0,0,0,,no,,no,,no,,
404,b4,spring alfalfa orchard grass,7/7/23,yes,0.24,8/17/23,yes,1.4,na,no,na,6/5/23,1M,0,1,0,0,0,1,1,0,1,,no,,no,,no,,
404,b4,spring alfalfa orchard grass,7/7/23,yes,0.24,8/17/23,yes,1.4,na,no,na,6/13/23,1M,0,0,0,0,0,0,0,0,0,,no,,no,,no,,
404,b4,spring alfalfa orchard grass,7/7/23,yes,0.24,8/17/23,yes,1.4,na,no,na,6/21/23,1M,0,9,0,0,0,9,9,0,9,,no,,no,,no,,
404,b4,spring alfalfa orchard grass,7/7/23,yes,0.24,8/17/23,yes,1.4,na,no,na,6/28/23,1M,2,3,10,0,0,15,15,0,6,,no,,no,,no,,
404,b4,spring alfalfa orchard grass,7/7/23,yes,0.24,8/17/23,yes,1.4,na,no,na,7/6/23,1M,0,2,4,6,2,14,6,8,0,,no,,no,,no,,
404,b4,spring alfalfa orchard grass,7/7/23,yes,0.24,8/17/23,yes,1.4,na,no,na,7/12/23,1M,0,9,5,1,0,15,14,1,8,,no,,no,,no,,
404,b4,spring alfalfa orchard grass,7/7/23,yes,0.24,8/17/23,yes,1.4,na,no,na,7/18/23,1M,0,8,5,1,8,22,13,9,0,,no,,no,,no,,
404,b4,spring alfalfa orchard grass,7/7/23,yes,0.24,8/17/23,yes,1.4,na,no,na,7/25/23,1M,2,5,8,2,0,17,15,2,2,,no,,no,,no,,
404,b4,spring alfalfa orchard grass,7/7/23,yes,0.24,8/17/23,yes,1.4,na,no,na,7/31/23,1M,1,5,11,1,0,18,17,1,2,,no,,no,,no,,
404,b4,spring alfalfa orchard grass,7/7/23,yes,0.24,8/17/23,yes,1.4,na,no,na,8/10/23,1M,0,4,10,8,0,22,14,8,0,,no,,no,,no,,
404,b4,spring alfalfa orchard grass,7/7/23,yes,0.24,8/17/23,yes,1.4,na,no,na,8/15/23,1M,0,2,11,9,0,22,13,9,0,,no,,no,,no,,
404,b4,spring alfalfa orchard grass,7/7/23,yes,0.24,8/17/23,yes,1.4,na,no,na,8/22/23,1M,0,0,5,2,0,7,5,2,0,,no,,no,,no,,
404,b4,spring alfalfa orchard grass,7/7/23,yes,0.24,8/17/23,yes,1.4,na,no,na,8/31/23,1M,0,0,8,0,0,8,8,0,3,,no,,no,,no,,
404,b4,spring alfalfa orchard grass,7/7/23,yes,0.24,8/17/23,yes,1.4,na,no,na,9/8/23,1M,0,0,5,2,0,7,5,2,0,,no,,no,,no,,
404,b4,spring alfalfa orchard grass,7/7/23,yes,0.24,8/17/23,yes,1.4,na,no,na,9/13/23,1M,0,0,6,1,0,7,6,1,1,,no,,no,,no,,
404,b4,spring alfalfa orchard grass,7/7/23,yes,0.24,8/17/23,yes,1.4,na,no,na,9/22/23,1M,0,0,0,0,0,0,0,0,0,,no,,no,,no,,
404,b4,spring alfalfa orchard grass,7/7/23,yes,0.24,8/17/23,yes,1.4,na,no,na,9/29/23,1M,0,0,2,0,0,2,2,0,2,39,yes,3,yes,0.076923077,yes,,