plot,block,treatment,count.dates,year,quadrat,wh.coty,wh.0.2,wh.2.4,wh.4.12,wh.12,weekly.total,c.2,2.12,recruitment,Spring.Ryelage,Mid-June,Alfalfa.1,Small.Grains,Forage.2
101,1,alfalfa/orchardgrass,5/23/22,2022,1M,,,,,,15,,,15,15,40,28,28,16
101,1,alfalfa/orchardgrass,6/1/22,2022,1M,16,108,20,0,0,144,124,20,129,,,,,
101,1,alfalfa/orchardgrass,6/9/22,2022,1M,0,112,32,0,0,144,112,32,0,,,,,
101,1,alfalfa/orchardgrass,6/17/22,2022,1M,0,32,4,4,0,40,32,8,-104,,,,,
101,1,alfalfa/orchardgrass,6/23/22,2022,1M,0,20,0,4,0,24,20,4,24,,,,,
101,1,alfalfa/orchardgrass,6/30/22,2022,1M,0,16,0,8,0,24,16,8,0,,,,,
101,1,alfalfa/orchardgrass,7/8/22,2022,1M,0,4,16,0,4,24,4,20,0,,,,,
101,1,alfalfa/orchardgrass,7/11/22,2022,1M,0,0,24,4,0,28,0,28,28,,,,,
101,1,alfalfa/orchardgrass,8/9/22,2022,1M,0,56,60,0,0,116,56,60,88,,,,,
101,1,alfalfa/orchardgrass,9/8/22,2022,1M,0,0,4,0,12,16,0,16,-100,,,,,
101,1,alfalfa/orchardgrass,10/12/22,2022,1M,0,0,8,0,0,8,0,8,-8,,,,,
102,1,ryelage-sorghum sudangrass ,5/23/22,2022,1M,,,,,,0,,,0,0,60,16,16,32
102,1,ryelage-sorghum sudangrass ,6/1/22,2022,1M,20,20,0,0,0,40,40,0,40,,,,,
102,1,ryelage-sorghum sudangrass ,6/9/22,2022,1M,0,68,0,0,0,68,68,0,28,,,,,
102,1,ryelage-sorghum sudangrass ,6/17/22,2022,1M,4,24,32,0,0,60,28,32,-8,,,,,
102,1,ryelage-sorghum sudangrass ,6/23/22,2022,1M,0,24,64,8,0,96,24,72,96,,,,,
102,1,ryelage-sorghum sudangrass ,6/30/22,2022,1M,0,40,4,0,0,44,40,4,-52,,,,,
102,1,ryelage-sorghum sudangrass ,7/8/22,2022,1M,0,8,24,0,0,32,8,24,-12,,,,,
102,1,ryelage-sorghum sudangrass ,7/11/22,2022,1M,0,16,0,0,0,16,16,0,16,,,,,
102,1,ryelage-sorghum sudangrass ,8/9/22,2022,1M,0,8,40,8,0,56,8,48,40,,,,,
102,1,ryelage-sorghum sudangrass ,9/8/22,2022,1M,0,0,16,16,0,32,0,32,-24,,,,,
102,1,ryelage-sorghum sudangrass ,10/12/22,2022,1M,0,0,0,0,0,0,0,0,-32,,,,,
103,1,wheat/clover,5/23/22,2022,1M,,,,,,6,,,6,6,4,0,0,0
103,1,wheat/clover,6/1/22,2022,1M,12,0,0,0,0,12,12,0,6,,,,,
103,1,wheat/clover,6/9/22,2022,1M,0,0,0,0,0,0,0,0,-12,,,,,
103,1,wheat/clover,6/17/22,2022,1M,4,0,0,0,0,4,4,0,4,,,,,
103,1,wheat/clover,6/23/22,2022,1M,0,0,0,0,0,0,0,0,0,,,,,
103,1,wheat/clover,6/30/22,2022,1M,0,0,0,0,0,0,0,0,0,,,,,
103,1,wheat/clover,7/8/22,2022,1M,0,0,0,0,0,0,0,0,0,,,,,
103,1,wheat/clover,7/11/22,2022,1M,0,0,0,0,0,0,0,0,0,,,,,
103,1,wheat/clover,8/9/22,2022,1M,0,0,0,0,0,0,0,0,0,,,,,
103,1,wheat/clover,9/8/22,2022,1M,0,0,0,0,0,0,0,0,0,,,,,
103,1,wheat/clover,10/12/22,2022,1M,0,0,0,0,0,0,0,0,0,,,,,
104,1,wheat-cc mix,5/23/22,2022,1M,,,,,,155.5,,,155.5,155.5,12,16,16,20
104,1,wheat-cc mix,6/1/22,2022,1M,80,44,0,0,0,124,124,0,-31.5,,,,,
104,1,wheat-cc mix,6/9/22,2022,1M,136,16,0,0,0,152,152,0,28,,,,,
104,1,wheat-cc mix,6/17/22,2022,1M,4,8,0,0,0,12,12,0,-140,,,,,
104,1,wheat-cc mix,6/23/22,2022,1M,8,0,0,0,0,8,8,0,8,,,,,
104,1,wheat-cc mix,6/30/22,2022,1M,0,0,0,0,0,0,0,0,-8,,,,,
104,1,wheat-cc mix,7/8/22,2022,1M,0,8,4,0,0,12,8,4,12,,,,,
104,1,wheat-cc mix,7/11/22,2022,1M,4,12,0,0,0,16,16,0,16,,,,,
104,1,wheat-cc mix,8/9/22,2022,1M,0,0,8,8,0,16,0,16,0,,,,,
104,1,wheat-cc mix,9/8/22,2022,1M,20,0,0,0,0,20,20,0,4,,,,,
104,1,wheat-cc mix,10/12/22,2022,1M,0,0,0,0,0,0,0,0,-20,,,,,
105,1,alfalfa/oats ,5/23/22,2022,1M,,,,,,18,,,18,18,36,36,36,0
105,1,alfalfa/oats ,6/1/22,2022,1M,0,36,16,4,0,56,36,20,38,,,,,
105,1,alfalfa/oats ,6/9/22,2022,1M,0,24,12,4,0,40,24,16,-16,,,,,
105,1,alfalfa/oats ,6/17/22,2022,1M,4,28,4,0,0,36,32,4,-4,,,,,
105,1,alfalfa/oats ,6/23/22,2022,1M,0,8,24,12,0,44,8,36,44,,,,,
105,1,alfalfa/oats ,6/30/22,2022,1M,0,8,8,0,0,16,8,8,-28,,,,,
105,1,alfalfa/oats ,7/8/22,2022,1M,0,8,16,0,0,24,8,16,8,,,,,
105,1,alfalfa/oats ,7/11/22,2022,1M,0,8,24,4,0,36,8,28,36,,,,,
105,1,alfalfa/oats ,8/9/22,2022,1M,0,8,8,8,0,24,8,16,-12,,,,,
105,1,alfalfa/oats ,9/8/22,2022,1M,0,0,0,0,0,0,0,0,-24,,,,,
105,1,alfalfa/oats ,10/12/22,2022,1M,0,0,8,0,0,8,0,8,8,,,,,
106,1,oats-cc mix,5/23/22,2022,1M,,,,,,1,,,1,1,4,4,4,2
106,1,oats-cc mix,6/1/22,2022,1M,0,4,4,0,0,8,4,4,7,,,,,
106,1,oats-cc mix,6/9/22,2022,1M,4,8,0,0,0,12,12,0,4,,,,,
106,1,oats-cc mix,6/17/22,2022,1M,0,4,0,0,0,4,4,0,-8,,,,,
106,1,oats-cc mix,6/23/22,2022,1M,12,0,0,0,0,12,12,0,12,,,,,
106,1,oats-cc mix,6/30/22,2022,1M,4,0,0,0,0,4,4,0,-8,,,,,
106,1,oats-cc mix,7/8/22,2022,1M,4,0,0,0,0,4,4,0,0,,,,,
106,1,oats-cc mix,7/11/22,2022,1M,0,4,0,0,0,4,4,0,4,,,,,
106,1,oats-cc mix,8/9/22,2022,1M,0,0,0,0,0,0,0,0,-4,,,,,
106,1,oats-cc mix,9/8/22,2022,1M,2,0,0,0,0,2,2,0,2,,,,,
106,1,oats-cc mix,10/12/22,2022,1M,0,0,0,0,0,0,0,0,-2,,,,,
201,1,wheat-cc mix,5/23/22,2022,1M,,,,,,1,,1,1,1,0,0,0,12
201,2,wheat-cc mix,6/1/22,2022,1M,0,12,0,0,0,12,12,0,11,,,,,
201,2,wheat-cc mix,6/9/22,2022,1M,0,0,0,0,0,0,0,0,-12,,,,,
201,2,wheat-cc mix,6/17/22,2022,1M,0,0,0,0,0,0,0,0,0,,,,,
201,2,wheat-cc mix,6/23/22,2022,1M,0,0,0,0,0,0,0,0,0,,,,,
201,2,wheat-cc mix,6/30/22,2022,1M,0,0,0,0,0,0,0,0,0,,,,,
201,2,wheat-cc mix,7/8/22,2022,1M,0,0,0,0,0,0,0,0,0,,,,,
201,2,wheat-cc mix,7/11/22,2022,1M,0,0,0,4,0,4,0,4,4,,,,,
201,2,wheat-cc mix,8/9/22,2022,1M,0,0,0,0,0,0,0,0,-4,,,,,
201,2,wheat-cc mix,9/8/22,2022,1M,0,0,0,12,0,12,0,12,12,,,,,
201,2,wheat-cc mix,10/12/22,2022,1M,0,0,0,0,0,0,0,0,-12,,,,,
202,2,alfalfa/oats ,5/23/22,2022,1M,,,,,,5.5,,,5.5,5.5,16,20,20,0
202,2,alfalfa/oats ,6/1/22,2022,1M,8,24,20,0,0,52,32,20,46.5,,,,,
202,2,alfalfa/oats ,6/9/22,2022,1M,0,36,12,0,0,48,36,12,-4,,,,,
202,2,alfalfa/oats ,6/17/22,2022,1M,0,8,4,4,0,16,8,8,-32,,,,,
202,2,alfalfa/oats ,6/23/22,2022,1M,0,16,8,12,0,36,16,20,36,,,,,
202,2,alfalfa/oats ,6/30/22,2022,1M,0,12,4,8,0,24,12,12,-12,,,,,
202,2,alfalfa/oats ,7/8/22,2022,1M,8,12,4,0,0,24,20,4,0,,,,,
202,2,alfalfa/oats ,7/11/22,2022,1M,0,4,16,0,0,20,4,16,20,,,,,
202,2,alfalfa/oats ,8/9/22,2022,1M,0,4,20,20,8,52,4,48,32,,,,,
202,2,alfalfa/oats ,9/8/22,2022,1M,0,0,0,0,0,0,0,0,-52,,,,,
202,2,alfalfa/oats ,10/12/22,2022,1M,0,0,0,0,0,0,0,0,0,,,,,
203,2,wheat/clover,5/23/22,2022,1M,,,,,,3.5,,,3.5,3.5,16,16,16,0
203,2,wheat/clover,6/1/22,2022,1M,0,24,8,16,0,48,24,24,44.5,,,,,
203,2,wheat/clover,6/9/22,2022,1M,4,48,0,0,0,52,52,0,4,,,,,
203,2,wheat/clover,6/17/22,2022,1M,0,12,0,4,0,16,12,4,-36,,,,,
203,2,wheat/clover,6/23/22,2022,1M,0,0,0,0,0,0,0,0,0,,,,,
203,2,wheat/clover,6/30/22,2022,1M,0,0,0,4,0,4,0,4,4,,,,,
203,2,wheat/clover,7/8/22,2022,1M,0,0,0,0,0,0,0,0,-4,,,,,
203,2,wheat/clover,7/11/22,2022,1M,0,0,16,0,0,16,0,16,16,,,,,
203,2,wheat/clover,8/9/22,2022,1M,0,0,0,0,0,0,0,0,-16,,,,,
203,2,wheat/clover,9/8/22,2022,1M,0,0,0,0,0,0,0,0,0,,,,,
203,2,wheat/clover,10/12/22,2022,1M,0,8,0,0,0,8,8,0,8,,,,,
204,2,alfalfa/orchardgrass,5/23/22,2022,1M,,,,,,5.5,,,5.5,5.5,128,92,92,0
204,2,alfalfa/orchardgrass,6/1/22,2022,1M,0,72,12,4,0,88,72,16,82.5,,,,,
204,2,alfalfa/orchardgrass,6/9/22,2022,1M,0,52,32,1,0,85,52,33,-3,,,,,
204,2,alfalfa/orchardgrass,6/17/22,2022,1M,20,64,36,8,0,128,84,44,43,,,,,
204,2,alfalfa/orchardgrass,6/23/22,2022,1M,0,24,0,32,8,64,24,40,64,,,,,
204,2,alfalfa/orchardgrass,6/30/22,2022,1M,0,0,16,28,16,60,0,60,-4,,,,,
204,2,alfalfa/orchardgrass,7/8/22,2022,1M,0,0,20,36,8,64,0,64,4,,,,,
204,2,alfalfa/orchardgrass,7/11/22,2022,1M,0,24,20,32,16,92,24,68,92,,,,,
204,2,alfalfa/orchardgrass,8/9/22,2022,1M,0,44,40,0,0,84,44,40,-8,,,,,
204,2,alfalfa/orchardgrass,9/8/22,2022,1M,0,0,0,0,0,0,0,0,-84,,,,,
204,2,alfalfa/orchardgrass,10/12/22,2022,1M,0,0,4,0,0,4,0,4,4,,,,,
205,2,oats-cc mix,5/23/22,2022,1M,,,,,,4,,,4,4,4,8,8,0
205,2,oats-cc mix,6/1/22,2022,1M,0,8,0,0,0,8,8,0,4,,,,,
205,2,oats-cc mix,6/9/22,2022,1M,0,4,8,0,0,12,4,8,4,,,,,
205,2,oats-cc mix,6/17/22,2022,1M,0,4,0,0,0,4,4,0,-8,,,,,
205,2,oats-cc mix,6/23/22,2022,1M,0,8,0,0,0,8,8,0,8,,,,,
205,2,oats-cc mix,6/30/22,2022,1M,0,0,4,0,0,4,0,4,-4,,,,,
205,2,oats-cc mix,7/8/22,2022,1M,0,4,4,0,0,8,4,4,4,,,,,
205,2,oats-cc mix,7/11/22,2022,1M,0,8,0,0,0,8,8,0,8,,,,,
205,2,oats-cc mix,8/9/22,2022,1M,0,12,12,0,0,24,12,12,16,,,,,
205,2,oats-cc mix,9/8/22,2022,1M,0,0,0,0,0,0,0,0,-24,,,,,
205,2,oats-cc mix,10/12/22,2022,1M,0,0,0,0,0,0,0,0,0,,,,,
206,2,ryelage-sorghum sudangrass ,5/23/22,2022,1M,,,,,,1,,,1,1,272,8,8,0
206,2,ryelage-sorghum sudangrass ,6/1/22,2022,1M,108,128,0,0,0,236,236,0,236,,,,,
206,2,ryelage-sorghum sudangrass ,6/9/22,2022,1M,12,388,4,0,0,404,400,4,168,,,,,
206,2,ryelage-sorghum sudangrass ,6/17/22,2022,1M,0,244,28,0,0,272,244,28,-132,,,,,
206,2,ryelage-sorghum sudangrass ,6/23/22,2022,1M,0,40,188,28,0,256,40,216,256,,,,,
206,2,ryelage-sorghum sudangrass ,6/30/22,2022,1M,0,20,72,8,0,100,20,80,-156,,,,,
206,2,ryelage-sorghum sudangrass ,7/8/22,2022,1M,0,4,12,0,0,16,4,12,-84,,,,,
206,2,ryelage-sorghum sudangrass ,7/11/22,2022,1M,8,0,0,0,0,8,8,0,8,,,,,
206,2,ryelage-sorghum sudangrass ,8/9/22,2022,1M,0,4,124,0,0,128,4,124,120,,,,,
206,2,ryelage-sorghum sudangrass ,9/8/22,2022,1M,0,0,0,0,0,0,0,0,-128,,,,,
206,2,ryelage-sorghum sudangrass ,10/12/22,2022,1M,0,0,0,0,0,0,0,0,0,,,,,
301,3,ryelage-sorghum sudangrass ,5/23/22,2022,1M,,,,,,1,,,1,1,192,208,208,64
301,3,ryelage-sorghum sudangrass ,6/1/22,2022,1M,52,56,0,0,0,108,108,0,107,,,,,
301,3,ryelage-sorghum sudangrass ,6/9/22,2022,1M,48,208,0,0,0,256,256,0,148,,,,,
301,3,ryelage-sorghum sudangrass ,6/17/22,2022,1M,8,184,0,0,0,192,192,0,-64,,,,,
301,3,ryelage-sorghum sudangrass ,6/23/22,2022,1M,4,192,0,0,0,196,196,0,196,,,,,
301,3,ryelage-sorghum sudangrass ,6/30/22,2022,1M,4,184,0,0,0,188,188,0,-8,,,,,
301,3,ryelage-sorghum sudangrass ,7/8/22,2022,1M,0,184,24,0,0,208,184,24,20,,,,,
301,3,ryelage-sorghum sudangrass ,7/11/22,2022,1M,0,164,32,12,0,208,164,44,208,,,,,
301,3,ryelage-sorghum sudangrass ,8/9/22,2022,1M,0,4,100,16,0,120,4,116,-88,,,,,
301,3,ryelage-sorghum sudangrass ,9/8/22,2022,1M,0,56,0,8,0,64,56,8,-56,,,,,
301,3,ryelage-sorghum sudangrass ,10/12/22,2022,1M,0,4,16,0,0,20,4,16,-44,,,,,
302,3,oats-cc mix,5/23/22,2022,1M,,,,,,15.5,,,15.5,15.5,40,20,20,0
302,3,oats-cc mix,6/1/22,2022,1M,0,36,0,0,0,36,36,0,20.5,,,,,
302,3,oats-cc mix,6/9/22,2022,1M,0,48,0,0,0,48,48,0,12,,,,,
302,3,oats-cc mix,6/17/22,2022,1M,0,40,0,0,0,40,40,0,-8,,,,,
302,3,oats-cc mix,6/23/22,2022,1M,0,20,0,0,0,20,20,0,20,,,,,
302,3,oats-cc mix,6/30/22,2022,1M,0,8,0,0,0,8,8,0,-12,,,,,
302,3,oats-cc mix,7/8/22,2022,1M,0,4,0,0,0,4,4,0,-4,,,,,
302,3,oats-cc mix,7/11/22,2022,1M,4,16,0,0,0,20,20,0,20,,,,,
302,3,oats-cc mix,8/9/22,2022,1M,0,28,16,0,0,44,28,16,24,,,,,
302,3,oats-cc mix,9/8/22,2022,1M,0,0,0,0,0,0,0,0,-44,,,,,
302,3,oats-cc mix,10/12/22,2022,1M,0,0,0,0,0,0,0,0,0,,,,,
303,3,wheat-cc mix,5/23/22,2022,1M,,,,,,18.5,,,18.5,18.5,0,12,12,0
303,3,wheat-cc mix,6/1/22,2022,1M,4,8,0,0,0,12,12,0,-6.5,,,,,
303,3,wheat-cc mix,6/9/22,2022,1M,8,0,0,0,0,8,8,0,-4,,,,,
303,3,wheat-cc mix,6/17/22,2022,1M,0,0,0,0,0,0,0,0,-8,,,,,
303,3,wheat-cc mix,6/23/22,2022,1M,0,0,0,0,0,0,0,0,0,,,,,
303,3,wheat-cc mix,6/30/22,2022,1M,0,0,0,0,0,0,0,0,0,,,,,
303,3,wheat-cc mix,7/8/22,2022,1M,4,4,0,0,0,8,8,0,8,,,,,
303,3,wheat-cc mix,7/11/22,2022,1M,0,12,0,0,0,12,12,0,12,,,,,
303,3,wheat-cc mix,8/9/22,2022,1M,0,4,4,0,0,8,4,4,-4,,,,,
303,3,wheat-cc mix,9/8/22,2022,1M,0,0,0,0,0,0,0,0,-8,,,,,
303,3,wheat-cc mix,10/12/22,2022,1M,0,0,0,0,0,0,0,0,0,,,,,
304,3,alfalfa/oats ,5/23/22,2022,1M,,,,,,10.5,,,10.5,10.5,44,40,40,8
304,3,alfalfa/oats ,6/1/22,2022,1M,0,24,0,0,0,24,24,0,13.5,,,,,
304,3,alfalfa/oats ,6/9/22,2022,1M,0,32,0,0,0,32,32,0,8,,,,,
304,3,alfalfa/oats ,6/17/22,2022,1M,4,36,4,0,0,44,40,4,12,,,,,
304,3,alfalfa/oats ,6/23/22,2022,1M,0,28,8,0,0,36,28,8,36,,,,,
304,3,alfalfa/oats ,6/30/22,2022,1M,0,16,8,0,0,24,16,8,-12,,,,,
304,3,alfalfa/oats ,7/8/22,2022,1M,0,16,0,0,0,16,16,0,-8,,,,,
304,3,alfalfa/oats ,7/11/22,2022,1M,8,32,0,0,0,40,40,0,40,,,,,
304,3,alfalfa/oats ,8/9/22,2022,1M,0,8,16,8,0,32,8,24,-8,,,,,
304,3,alfalfa/oats ,9/8/22,2022,1M,0,0,4,0,4,8,0,8,-24,,,,,
304,3,alfalfa/oats ,10/12/22,2022,1M,0,0,0,0,0,0,0,0,-8,,,,,
305,3,wheat/clover,5/23/22,2022,1M,,,,,,4.5,,,4.5,4.5,28,28,28,0
305,3,wheat/clover,6/1/22,2022,1M,4,24,12,0,0,40,28,12,35.5,,,,,
305,3,wheat/clover,6/9/22,2022,1M,0,20,8,8,0,36,20,16,-4,,,,,
305,3,wheat/clover,6/17/22,2022,1M,0,12,0,16,0,28,12,16,-8,,,,,
305,3,wheat/clover,6/23/22,2022,1M,0,12,0,12,4,28,12,16,28,,,,,
305,3,wheat/clover,6/30/22,2022,1M,0,0,4,8,8,20,0,20,-8,,,,,
305,3,wheat/clover,7/8/22,2022,1M,0,0,0,16,4,20,0,20,0,,,,,
305,3,wheat/clover,7/11/22,2022,1M,0,0,8,12,8,28,0,28,28,,,,,
305,3,wheat/clover,8/9/22,2022,1M,0,0,16,4,20,40,0,40,12,,,,,
305,3,wheat/clover,9/8/22,2022,1M,0,0,0,0,0,0,0,0,-40,,,,,
305,3,wheat/clover,10/12/22,2022,1M,0,0,0,0,0,0,0,0,0,,,,,
306,3,alfalfa/orchardgrass,5/23/22,2022,1M,,,,,,8.5,,,8.5,8.5,52,44,44,0
306,3,alfalfa/orchardgrass,6/1/22,2022,1M,0,8,12,4,0,24,8,16,15.5,,,,,
306,3,alfalfa/orchardgrass,6/9/22,2022,1M,0,40,20,12,0,72,40,32,48,,,,,
306,3,alfalfa/orchardgrass,6/17/22,2022,1M,0,24,8,20,0,52,24,28,-20,,,,,
306,3,alfalfa/orchardgrass,6/23/22,2022,1M,0,24,12,8,16,60,24,36,60,,,,,
306,3,alfalfa/orchardgrass,6/30/22,2022,1M,0,8,16,24,24,72,8,64,12,,,,,
306,3,alfalfa/orchardgrass,7/8/22,2022,1M,0,8,20,4,20,52,8,44,-20,,,,,
306,3,alfalfa/orchardgrass,7/11/22,2022,1M,0,0,16,8,20,44,0,44,44,,,,,
306,3,alfalfa/orchardgrass,8/9/22,2022,1M,0,0,60,4,0,64,0,64,20,,,,,
306,3,alfalfa/orchardgrass,9/8/22,2022,1M,0,0,0,0,0,0,0,0,-64,,,,,
306,3,alfalfa/orchardgrass,10/12/22,2022,1M,0,0,0,0,0,0,0,0,0,,,,,
401,4,wheat/clover,5/23/22,2022,1M,,,,,,4.5,,,4.5,4.5,48,36,36,0
401,4,wheat/clover,6/1/22,2022,1M,4,8,0,0,0,12,12,0,7.5,,,,,
401,4,wheat/clover,6/9/22,2022,1M,0,24,0,0,0,24,24,0,12,,,,,
401,4,wheat/clover,6/17/22,2022,1M,0,48,0,0,0,48,48,0,24,,,,,
401,4,wheat/clover,6/23/22,2022,1M,0,32,8,0,0,40,32,8,40,,,,,
401,4,wheat/clover,6/30/22,2022,1M,0,24,12,0,0,36,24,12,-4,,,,,
401,4,wheat/clover,7/8/22,2022,1M,0,24,12,0,0,36,24,12,0,,,,,
401,4,wheat/clover,7/11/22,2022,1M,0,24,8,4,0,36,24,12,36,,,,,
401,4,wheat/clover,8/9/22,2022,1M,0,0,0,0,0,0,0,0,-36,,,,,
401,4,wheat/clover,9/8/22,2022,1M,0,0,0,0,0,0,0,0,0,,,,,
401,4,wheat/clover,10/12/22,2022,1M,0,0,0,0,0,0,0,0,0,,,,,
402,4,alfalfa/orchardgrass,5/23/22,2022,1M,,,,,,7.5,,,7.5,7.5,52,52,52,40
402,4,alfalfa/orchardgrass,6/1/22,2022,1M,0,52,0,0,0,52,52,0,44.5,,,,,
402,4,alfalfa/orchardgrass,6/9/22,2022,1M,8,40,16,4,0,68,48,20,16,,,,,
402,4,alfalfa/orchardgrass,6/17/22,2022,1M,0,12,20,20,0,52,12,40,-16,,,,,
402,4,alfalfa/orchardgrass,6/23/22,2022,1M,0,27,20,4,4,55,27,28,55,,,,,
402,4,alfalfa/orchardgrass,6/30/22,2022,1M,0,16,0,24,8,48,16,32,-7,,,,,
402,4,alfalfa/orchardgrass,7/8/22,2022,1M,0,12,0,16,12,40,12,28,-8,,,,,
402,4,alfalfa/orchardgrass,7/11/22,2022,1M,0,0,8,24,20,52,0,52,52,,,,,
402,4,alfalfa/orchardgrass,8/9/22,2022,1M,0,0,20,0,0,20,0,20,-32,,,,,
402,4,alfalfa/orchardgrass,9/8/22,2022,1M,0,0,40,0,0,40,0,40,20,,,,,
402,4,alfalfa/orchardgrass,10/12/22,2022,1M,0,0,0,0,4,4,0,4,-36,,,,,
403,4,ryelage-sorghum sudangrass ,5/23/22,2022,1M,,,,,,1.5,,,1.5,1.5,84,0,0,0
403,4,ryelage-sorghum sudangrass ,6/1/22,2022,1M,20,44,0,0,0,64,64,0,62.5,,,,,
403,4,ryelage-sorghum sudangrass ,6/9/22,2022,1M,8,284,0,0,0,292,292,0,228,,,,,
403,4,ryelage-sorghum sudangrass ,6/17/22,2022,1M,0,48,36,0,0,84,48,36,-208,,,,,
403,4,ryelage-sorghum sudangrass ,6/23/22,2022,1M,4,12,0,16,0,32,16,16,32,,,,,
403,4,ryelage-sorghum sudangrass ,6/30/22,2022,1M,0,72,16,0,0,88,72,16,56,,,,,
403,4,ryelage-sorghum sudangrass ,7/8/22,2022,1M,0,8,0,16,0,24,8,16,-64,,,,,
403,4,ryelage-sorghum sudangrass ,7/11/22,2022,1M,0,0,0,0,0,0,0,0,0,,,,,
403,4,ryelage-sorghum sudangrass ,8/9/22,2022,1M,0,8,96,12,0,116,8,108,116,,,,,
403,4,ryelage-sorghum sudangrass ,9/8/22,2022,1M,0,0,0,0,0,0,0,0,-116,,,,,
403,4,ryelage-sorghum sudangrass ,10/12/22,2022,1M,0,0,8,0,0,8,0,8,8,,,,,
404,4,oats-cc mix,5/23/22,2022,1M,,,,,,12.5,,,12.5,12.5,88,68,68,64
404,4,oats-cc mix,6/1/22,2022,1M,0,72,8,0,0,80,72,8,67.5,,,,,
404,4,oats-cc mix,6/9/22,2022,1M,0,72,0,0,0,72,72,0,-8,,,,,
404,4,oats-cc mix,6/17/22,2022,1M,20,68,0,0,0,88,88,0,16,,,,,
404,4,oats-cc mix,6/23/22,2022,1M,0,76,0,0,0,76,76,0,76,,,,,
404,4,oats-cc mix,6/30/22,2022,1M,0,12,0,4,0,16,12,4,-60,,,,,
404,4,oats-cc mix,7/8/22,2022,1M,8,24,0,0,0,32,32,0,16,,,,,
404,4,oats-cc mix,7/11/22,2022,1M,0,60,8,0,0,68,60,8,68,,,,,
404,4,oats-cc mix,8/9/22,2022,1M,0,12,24,8,0,44,12,32,-24,,,,,
404,4,oats-cc mix,9/8/22,2022,1M,0,0,48,16,0,64,0,64,20,,,,,
404,4,oats-cc mix,10/12/22,2022,1M,0,0,0,0,0,0,0,0,-64,,,,,
405,4,alfalfa/oats ,5/23/22,2022,1M,,,,,,4.5,,,4.5,4.45,136,48,48,32
405,4,alfalfa/oats ,6/1/22,2022,1M,4,44,0,0,0,48,48,0,43.5,,,,,
405,4,alfalfa/oats ,6/9/22,2022,1M,44,108,0,0,0,152,152,0,104,,,,,
405,4,alfalfa/oats ,6/17/22,2022,1M,8,128,0,0,0,136,136,0,-16,,,,,
405,4,alfalfa/oats ,6/23/22,2022,1M,8,60,12,0,0,80,68,12,80,,,,,
405,4,alfalfa/oats ,6/30/22,2022,1M,0,28,8,0,0,36,28,8,-44,,,,,
405,4,alfalfa/oats ,7/8/22,2022,1M,0,48,0,0,0,48,48,0,12,,,,,
405,4,alfalfa/oats ,7/11/22,2022,1M,0,48,0,0,0,48,48,0,48,,,,,
405,4,alfalfa/oats ,8/9/22,2022,1M,0,4,72,16,0,92,4,88,44,,,,,
405,4,alfalfa/oats ,9/8/22,2022,1M,0,4,12,16,0,32,4,28,-60,,,,,
405,4,alfalfa/oats ,10/12/22,2022,1M,0,0,16,0,0,16,0,16,-16,,,,,
406,4,wheat-cc mix,5/23/22,2022,1M,,,,,,1,,,1,1,0,0,0,0
406,4,wheat-cc mix,6/1/22,2022,1M,8,0,0,0,0,8,8,0,7,,,,,
406,4,wheat-cc mix,6/9/22,2022,1M,0,0,0,0,0,0,0,0,-8,,,,,
406,4,wheat-cc mix,6/17/22,2022,1M,0,0,0,0,0,0,0,0,0,,,,,
406,4,wheat-cc mix,6/23/22,2022,1M,0,0,0,0,0,0,0,0,0,,,,,
406,4,wheat-cc mix,6/30/22,2022,1M,0,0,0,0,0,0,0,0,0,,,,,
406,4,wheat-cc mix,7/8/22,2022,1M,0,0,0,0,0,0,0,0,0,,,,,
406,4,wheat-cc mix,7/11/22,2022,1M,0,0,0,0,0,0,0,0,0,,,,,
406,4,wheat-cc mix,8/9/22,2022,1M,0,4,0,0,0,4,4,0,4,,,,,
406,4,wheat-cc mix,9/8/22,2022,1M,0,0,0,0,0,0,0,0,-4,,,,,
406,4,wheat-cc mix,10/12/22,2022,1M,0,0,0,0,0,0,0,0,0,,,,,
101,1,alfalfa/orchardgrass,5/4/23,2023,1M,0,0,0,0,0,0,0,0,0,18,15,16,15,15
101,1,alfalfa/orchardgrass,5/16/23,2023,1M,6,12,0,0,0,18,18,0,18,,,,,
101,1,alfalfa/orchardgrass,5/22/23,2023,1M,0,7,0,0,0,7,7,0,-11,,,,,
101,1,alfalfa/orchardgrass,5/30/23,2023,1M,0,4,0,0,0,4,4,0,-3,,,,,
101,1,alfalfa/orchardgrass,6/5/23,2023,1M,0,17,1,0,0,18,17,1,14,,,,,
101,1,alfalfa/orchardgrass,6/13/23,2023,1M,0,12,3,0,0,15,12,3,-3,,,,,
101,1,alfalfa/orchardgrass,6/21/23,2023,1M,0,16,4,0,0,20,16,4,5,,,,,
101,1,alfalfa/orchardgrass,6/28/23,2023,1M,0,12,4,0,0,16,12,4,-4,,,,,
101,1,alfalfa/orchardgrass,7/6/23,2023,1M,0,2,9,4,0,15,2,13,-1,,,,,
101,1,alfalfa/orchardgrass,7/12/23,2023,1M,0,0,15,0,0,15,0,15,0,,,,,
101,1,alfalfa/orchardgrass,7/18/23,2023,1M,0,1,8,5,0,14,1,13,-1,,,,,
101,1,alfalfa/orchardgrass,7/25/23,2023,1M,1,10,3,1,0,15,11,4,1,,,,,
101,1,alfalfa/orchardgrass,7/31/23,2023,1M,1,6,6,2,0,15,7,8,0,,,,,
101,1,alfalfa/orchardgrass,8/10/23,2023,1M,0,5,8,1,0,14,5,9,-1,,,,,
101,1,alfalfa/orchardgrass,8/15/23,2023,1M,0,4,10,1,0,15,4,11,1,,,,,
101,1,alfalfa/orchardgrass,8/22/23,2023,1M,0,3,0,0,0,3,3,0,-12,,,,,
101,1,alfalfa/orchardgrass,8/31/23,2023,1M,0,2,2,0,0,4,2,2,1,,,,,
101,1,alfalfa/orchardgrass,9/8/23,2023,1M,0,1,3,0,0,4,1,3,0,,,,,
101,1,alfalfa/orchardgrass,9/13/23,2023,1M,0,0,3,0,0,3,0,3,-1,,,,,
101,1,alfalfa/orchardgrass,9/22/23,2023,1M,0,0,3,0,0,3,0,3,0,,,,,
101,1,alfalfa/orchardgrass,9/29/23,2023,1M,0,0,5,1,0,6,0,6,3,,,,,
102,1,ryelage-sorghum sudangrass,5/4/23,2023,1M,0,0,0,0,0,0,0,0,0,15,0,45,53,58
102,1,ryelage-sorghum sudangrass,5/16/23,2023,1M,7,8,0,0,0,15,15,0,15,,,,,
102,1,ryelage-sorghum sudangrass,5/22/23,2023,1M,0,0,0,0,0,0,0,0,-15,,,,,
102,1,ryelage-sorghum sudangrass,5/30/23,2023,1M,0,0,0,0,0,0,0,0,0,,,,,
102,1,ryelage-sorghum sudangrass,6/5/23,2023,1M,0,0,0,0,0,0,0,0,0,,,,,
102,1,ryelage-sorghum sudangrass,6/13/23,2023,1M,0,0,0,0,0,0,0,0,0,,,,,
102,1,ryelage-sorghum sudangrass,6/21/23,2023,1M,0,0,0,0,0,0,0,0,0,,,,,
102,1,ryelage-sorghum sudangrass,6/28/23,2023,1M,7,38,0,0,0,45,45,0,45,,,,,
102,1,ryelage-sorghum sudangrass,7/6/23,2023,1M,0,3,19,20,0,42,3,39,-3,,,,,
102,1,ryelage-sorghum sudangrass,7/12/23,2023,1M,0,10,14,18,0,42,10,32,0,,,,,
102,1,ryelage-sorghum sudangrass,7/18/23,2023,1M,0,0,7,28,18,53,0,53,11,,,,,
102,1,ryelage-sorghum sudangrass,7/25/23,2023,1M,0,3,6,37,7,53,3,50,0,,,,,
102,1,ryelage-sorghum sudangrass,7/31/23,2023,1M,0,0,3,37,13,53,0,53,0,,,,,
102,1,ryelage-sorghum sudangrass,8/10/23,2023,1M,0,0,6,28,20,54,0,54,1,,,,,
102,1,ryelage-sorghum sudangrass,8/15/23,2023,1M,0,0,8,29,21,58,0,58,4,,,,,
102,1,ryelage-sorghum sudangrass,8/22/23,2023,1M,0,0,5,0,0,5,0,5,-53,,,,,
102,1,ryelage-sorghum sudangrass,8/31/23,2023,1M,1,10,0,0,0,11,11,0,6,,,,,
102,1,ryelage-sorghum sudangrass,9/8/23,2023,1M,0,2,6,3,0,11,2,9,0,,,,,
102,1,ryelage-sorghum sudangrass,9/13/23,2023,1M,0,0,0,13,0,13,0,13,2,,,,,
102,1,ryelage-sorghum sudangrass,9/22/23,2023,1M,0,0,5,6,0,11,0,11,-2,,,,,
102,1,ryelage-sorghum sudangrass,9/29/23,2023,1M,0,0,8,2,0,10,0,10,-1,,,,,
103,1,wheat/clover,5/4/23,2023,1M,0,0,0,0,0,0,0,0,0,6,0,0,1,3
103,1,wheat/clover,5/16/23,2023,1M,1,5,0,0,0,6,6,0,6,,,,,
103,1,wheat/clover,5/22/23,2023,1M,0,0,0,0,0,0,0,0,-6,,,,,
103,1,wheat/clover,5/30/23,2023,1M,0,0,0,0,0,0,0,0,0,,,,,
103,1,wheat/clover,6/5/23,2023,1M,0,0,0,0,0,0,0,0,0,,,,,
103,1,wheat/clover,6/13/23,2023,1M,0,0,0,0,0,0,0,0,0,,,,,
103,1,wheat/clover,6/21/23,2023,1M,0,0,0,0,0,0,0,0,0,,,,,
103,1,wheat/clover,6/28/23,2023,1M,0,0,0,0,0,0,0,0,0,,,,,
103,1,wheat/clover,7/6/23,2023,1M,0,0,0,0,0,0,0,0,0,,,,,
103,1,wheat/clover,7/12/23,2023,1M,0,0,0,0,0,0,0,0,0,,,,,
103,1,wheat/clover,7/18/23,2023,1M,0,0,1,0,0,1,0,1,1,,,,,
103,1,wheat/clover,7/25/23,2023,1M,0,0,1,0,0,1,0,1,0,,,,,
103,1,wheat/clover,7/31/23,2023,1M,0,4,0,1,0,5,4,1,4,,,,,
103,1,wheat/clover,8/10/23,2023,1M,0,0,2,3,0,5,0,5,0,,,,,
103,1,wheat/clover,8/15/23,2023,1M,0,0,2,1,0,3,0,3,-2,,,,,
103,1,wheat/clover,8/22/23,2023,1M,0,0,2,0,0,2,0,2,-1,,,,,
103,1,wheat/clover,8/31/23,2023,1M,0,0,1,0,0,1,0,1,-1,,,,,
103,1,wheat/clover,9/8/23,2023,1M,0,0,2,0,0,2,0,2,1,,,,,
103,1,wheat/clover,9/13/23,2023,1M,0,0,1,1,0,2,0,2,0,,,,,
103,1,wheat/clover,9/22/23,2023,1M,0,0,1,0,0,1,0,1,-1,,,,,
103,1,wheat/clover,9/29/23,2023,1M,0,0,0,0,0,0,0,0,-1,,,,,
104,1,wheat-cc mix,5/4/23,2023,1M,0,0,0,0,0,0,0,0,0,5,0,0,1,0
104,1,wheat-cc mix,5/16/23,2023,1M,5,0,0,0,0,5,5,0,5,,,,,
104,1,wheat-cc mix,5/22/23,2023,1M,0,0,0,0,0,0,0,0,-5,,,,,
104,1,wheat-cc mix,5/30/23,2023,1M,0,0,0,0,0,0,0,0,0,,,,,
104,1,wheat-cc mix,6/5/23,2023,1M,0,0,0,0,0,0,0,0,0,,,,,
104,1,wheat-cc mix,6/13/23,2023,1M,0,0,0,0,0,0,0,0,0,,,,,
104,1,wheat-cc mix,6/21/23,2023,1M,0,0,0,0,0,0,0,0,0,,,,,
104,1,wheat-cc mix,6/28/23,2023,1M,0,0,0,0,0,0,0,0,0,,,,,
104,1,wheat-cc mix,7/6/23,2023,1M,0,0,0,0,0,0,0,0,0,,,,,
104,1,wheat-cc mix,7/12/23,2023,1M,0,1,0,0,0,1,1,0,1,,,,,
104,1,wheat-cc mix,7/18/23,2023,1M,0,1,0,0,0,1,1,0,0,,,,,
104,1,wheat-cc mix,7/25/23,2023,1M,0,1,0,0,0,1,1,0,0,,,,,
104,1,wheat-cc mix,7/31/23,2023,1M,0,3,1,0,0,4,3,1,3,,,,,
104,1,wheat-cc mix,8/10/23,2023,1M,0,0,3,0,0,3,0,3,-1,,,,,
104,1,wheat-cc mix,8/15/23,2023,1M,0,0,0,0,0,0,0,0,-3,,,,,
104,1,wheat-cc mix,8/22/23,2023,1M,0,0,1,0,0,1,0,1,1,,,,,
104,1,wheat-cc mix,8/31/23,2023,1M,0,1,1,1,0,3,1,2,2,,,,,
104,1,wheat-cc mix,9/8/23,2023,1M,0,0,1,1,0,2,0,2,-1,,,,,
104,1,wheat-cc mix,9/13/23,2023,1M,0,0,0,2,1,3,0,3,1,,,,,
104,1,wheat-cc mix,9/22/23,2023,1M,0,0,2,0,0,2,0,2,-1,,,,,
104,1,wheat-cc mix,9/29/23,2023,1M,0,0,1,1,0,2,0,2,0,,,,,
105,1,alfalfa/oats,5/4/23,2023,1M,0,0,0,0,0,0,0,0,0,5,3,1,4,5
105,1,alfalfa/oats,5/16/23,2023,1M,2,3,0,0,0,5,5,0,5,,,,,
105,1,alfalfa/oats,5/22/23,2023,1M,0,4,0,0,0,4,4,0,-1,,,,,
105,1,alfalfa/oats,5/30/23,2023,1M,0,6,0,0,0,6,6,0,2,,,,,
105,1,alfalfa/oats,6/5/23,2023,1M,0,2,0,0,0,2,2,0,-4,,,,,
105,1,alfalfa/oats,6/13/23,2023,1M,0,3,0,0,0,3,3,0,1,,,,,
105,1,alfalfa/oats,6/21/23,2023,1M,0,2,0,0,0,2,2,0,-1,,,,,
105,1,alfalfa/oats,6/28/23,2023,1M,0,1,0,0,0,1,1,0,-1,,,,,
105,1,alfalfa/oats,7/6/23,2023,1M,0,0,1,0,0,1,0,1,0,,,,,
105,1,alfalfa/oats,7/12/23,2023,1M,0,1,2,0,0,3,1,2,2,,,,,
105,1,alfalfa/oats,7/18/23,2023,1M,0,3,1,0,0,4,3,1,1,,,,,
105,1,alfalfa/oats,7/25/23,2023,1M,0,2,2,0,0,4,2,2,0,,,,,
105,1,alfalfa/oats,7/31/23,2023,1M,0,3,3,0,0,6,3,3,2,,,,,
105,1,alfalfa/oats,8/10/23,2023,1M,0,0,5,0,0,5,0,5,-1,,,,,
105,1,alfalfa/oats,8/15/23,2023,1M,0,0,5,0,0,5,0,5,0,,,,,
105,1,alfalfa/oats,8/22/23,2023,1M,0,1,2,0,0,3,1,2,-2,,,,,
105,1,alfalfa/oats,8/31/23,2023,1M,0,1,2,0,0,3,1,2,0,,,,,
105,1,alfalfa/oats,9/8/23,2023,1M,0,0,3,0,0,3,0,3,0,,,,,
105,1,alfalfa/oats,9/13/23,2023,1M,0,0,0,5,0,5,0,5,2,,,,,
105,1,alfalfa/oats,9/22/23,2023,1M,0,0,3,0,0,3,0,3,-2,,,,,
105,1,alfalfa/oats,9/29/23,2023,1M,0,1,1,0,0,2,1,1,-1,,,,,
106,1,oats-cc mix,5/4/23,2023,1M,0,0,0,0,0,0,0,0,0,0,0,9,13,6
106,1,oats-cc mix,5/16/23,2023,1M,0,0,0,0,0,0,0,0,0,,,,,
106,1,oats-cc mix,5/22/23,2023,1M,0,6,0,0,0,6,6,0,6,,,,,
106,1,oats-cc mix,5/30/23,2023,1M,0,4,0,0,0,4,4,0,-2,,,,,
106,1,oats-cc mix,6/5/23,2023,1M,0,0,0,0,0,0,0,0,-4,,,,,
106,1,oats-cc mix,6/13/23,2023,1M,0,0,0,0,0,0,0,0,0,,,,,
106,1,oats-cc mix,6/21/23,2023,1M,0,3,0,0,0,3,3,0,3,,,,,
106,1,oats-cc mix,6/28/23,2023,1M,2,7,0,0,0,9,9,0,6,,,,,
106,1,oats-cc mix,7/6/23,2023,1M,0,0,0,1,0,1,0,1,-8,,,,,
106,1,oats-cc mix,7/12/23,2023,1M,0,9,0,0,0,9,9,0,8,,,,,
106,1,oats-cc mix,7/18/23,2023,1M,0,4,4,1,0,9,4,5,0,,,,,
106,1,oats-cc mix,7/25/23,2023,1M,1,9,3,0,0,13,10,3,4,,,,,
106,1,oats-cc mix,7/31/23,2023,1M,0,10,3,0,0,13,10,3,0,,,,,
106,1,oats-cc mix,8/10/23,2023,1M,0,0,9,3,0,12,0,12,-1,,,,,
106,1,oats-cc mix,8/15/23,2023,1M,0,0,6,0,0,6,0,6,-6,,,,,
106,1,oats-cc mix,8/22/23,2023,1M,0,0,6,0,0,6,0,6,0,,,,,
106,1,oats-cc mix,8/31/23,2023,1M,0,0,6,0,0,6,0,6,0,,,,,
106,1,oats-cc mix,9/8/23,2023,1M,0,0,3,3,0,6,0,6,0,,,,,
106,1,oats-cc mix,9/13/23,2023,1M,0,0,0,10,0,10,0,10,4,,,,,
106,1,oats-cc mix,9/22/23,2023,1M,0,2,4,0,0,6,2,4,-4,,,,,
106,1,oats-cc mix,9/29/23,2023,1M,0,1,3,8,0,12,1,11,6,,,,,
201,2,wheat-cc mix,5/4/23,2023,1M,0,0,0,0,0,0,0,0,0,0,2,0,13,10
201,2,wheat-cc mix,5/16/23,2023,1M,0,0,0,0,0,0,0,0,0,,,,,
201,2,wheat-cc mix,5/22/23,2023,1M,0,0,0,0,0,0,0,0,0,,,,,
201,2,wheat-cc mix,5/30/23,2023,1M,0,0,0,0,0,0,0,0,0,,,,,
201,2,wheat-cc mix,6/5/23,2023,1M,0,0,0,0,0,0,0,0,0,,,,,
201,2,wheat-cc mix,6/13/23,2023,1M,0,2,0,0,0,2,2,0,2,,,,,
201,2,wheat-cc mix,6/21/23,2023,1M,0,0,0,0,0,0,0,0,-2,,,,,
201,2,wheat-cc mix,6/28/23,2023,1M,0,0,0,0,0,0,0,0,0,,,,,
201,2,wheat-cc mix,7/6/23,2023,1M,0,0,0,0,0,0,0,0,0,,,,,
201,2,wheat-cc mix,7/12/23,2023,1M,0,0,0,0,0,0,0,0,0,,,,,
201,2,wheat-cc mix,7/18/23,2023,1M,5,4,1,0,0,10,9,1,10,,,,,
201,2,wheat-cc mix,7/25/23,2023,1M,0,9,4,0,0,13,9,4,3,,,,,
201,2,wheat-cc mix,7/31/23,2023,1M,0,0,4,0,0,4,0,4,-9,,,,,
201,2,wheat-cc mix,8/10/23,2023,1M,0,0,5,3,0,8,0,8,4,,,,,
201,2,wheat-cc mix,8/15/23,2023,1M,0,0,7,3,0,10,0,10,2,,,,,
201,2,wheat-cc mix,8/22/23,2023,1M,0,0,4,1,0,5,0,5,-5,,,,,
201,2,wheat-cc mix,8/31/23,2023,1M,0,0,0,3,0,3,0,3,-2,,,,,
201,2,wheat-cc mix,9/8/23,2023,1M,0,0,0,0,2,2,0,2,-1,,,,,
201,2,wheat-cc mix,9/13/23,2023,1M,0,0,1,0,2,3,0,3,1,,,,,
201,2,wheat-cc mix,9/22/23,2023,1M,0,0,1,0,1,2,0,2,-1,,,,,
201,2,wheat-cc mix,9/29/23,2023,1M,0,0,0,1,1,2,0,2,0,,,,,
202,2,oats-cc mix,5/4/23,2023,1M,0,0,0,0,0,0,0,0,0,2,6,5,13,3
202,2,oats-cc mix,5/16/23,2023,1M,2,0,0,0,0,2,2,0,2,,,,,
202,2,oats-cc mix,5/22/23,2023,1M,0,6,0,0,0,6,6,0,4,,,,,
202,2,oats-cc mix,5/30/23,2023,1M,0,3,0,0,0,3,3,0,-3,,,,,
202,2,oats-cc mix,6/5/23,2023,1M,0,7,0,0,0,7,7,0,4,,,,,
202,2,oats-cc mix,6/13/23,2023,1M,0,6,0,0,0,6,6,0,-1,,,,,
202,2,oats-cc mix,6/21/23,2023,1M,0,6,0,0,0,6,6,0,0,,,,,
202,2,oats-cc mix,6/28/23,2023,1M,0,2,2,1,0,5,2,3,-1,,,,,
202,2,oats-cc mix,7/6/23,2023,1M,0,0,5,2,0,7,0,7,2,,,,,
202,2,oats-cc mix,7/12/23,2023,1M,0,1,5,2,0,8,1,7,1,,,,,
202,2,oats-cc mix,7/18/23,2023,1M,0,4,3,6,0,13,4,9,5,,,,,
202,2,oats-cc mix,7/25/23,2023,1M,0,3,8,2,0,13,3,10,0,,,,,
202,2,oats-cc mix,7/31/23,2023,1M,0,7,4,2,0,13,7,6,0,,,,,
202,2,oats-cc mix,8/10/23,2023,1M,0,2,13,0,0,15,2,13,2,,,,,
202,2,oats-cc mix,8/15/23,2023,1M,0,0,3,0,0,3,0,3,-12,,,,,
202,2,oats-cc mix,8/22/23,2023,1M,0,1,0,0,0,1,1,0,-2,,,,,
202,2,oats-cc mix,8/31/23,2023,1M,0,0,1,0,0,1,0,1,0,,,,,
202,2,oats-cc mix,9/8/23,2023,1M,0,0,0,2,0,2,0,2,1,,,,,
202,2,oats-cc mix,9/13/23,2023,1M,0,0,0,1,0,1,0,1,-1,,,,,
202,2,oats-cc mix,9/22/23,2023,1M,0,0,1,2,0,3,0,3,2,,,,,
202,2,oats-cc mix,9/29/23,2023,1M,0,1,0,2,0,3,1,2,0,,,,,
203,2,wheat/clover,5/4/23,2023,1M,0,0,0,0,0,0,0,0,0,0,0,3,5,10
203,2,wheat/clover,5/16/23,2023,1M,0,0,0,0,0,0,0,0,0,,,,,
203,2,wheat/clover,5/22/23,2023,1M,0,1,0,0,0,1,1,0,1,,,,,
203,2,wheat/clover,5/30/23,2023,1M,0,0,0,0,0,0,0,0,-1,,,,,
203,2,wheat/clover,6/5/23,2023,1M,0,0,0,0,0,0,0,0,0,,,,,
203,2,wheat/clover,6/13/23,2023,1M,0,0,0,0,0,0,0,0,0,,,,,
203,2,wheat/clover,6/21/23,2023,1M,0,0,0,0,0,0,0,0,0,,,,,
203,2,wheat/clover,6/28/23,2023,1M,1,0,2,0,0,3,1,2,3,,,,,
203,2,wheat/clover,7/6/23,2023,1M,0,0,0,0,0,0,0,0,-3,,,,,
203,2,wheat/clover,7/12/23,2023,1M,0,0,0,0,0,0,0,0,0,,,,,
203,2,wheat/clover,7/18/23,2023,1M,0,0,4,0,0,4,0,4,4,,,,,
203,2,wheat/clover,7/25/23,2023,1M,0,3,2,0,0,5,3,2,1,,,,,
203,2,wheat/clover,7/31/23,2023,1M,0,5,1,0,0,6,5,1,1,,,,,
203,2,wheat/clover,8/10/23,2023,1M,0,0,7,0,0,7,0,7,1,,,,,
203,2,wheat/clover,8/15/23,2023,1M,0,0,8,2,0,10,0,10,3,,,,,
203,2,wheat/clover,8/22/23,2023,1M,0,0,3,0,0,3,0,3,-7,,,,,
203,2,wheat/clover,8/31/23,2023,1M,0,0,1,2,0,3,0,3,0,,,,,
203,2,wheat/clover,9/8/23,2023,1M,0,0,2,1,0,3,0,3,0,,,,,
203,2,wheat/clover,9/13/23,2023,1M,0,0,2,1,0,3,0,3,0,,,,,
203,2,wheat/clover,9/22/23,2023,1M,0,0,0,1,0,1,0,1,-2,,,,,
203,2,wheat/clover,9/29/23,2023,1M,0,0,0,1,0,1,0,1,0,,,,,
204,2,alfalfa/oats,5/4/23,2023,1M,0,0,0,0,0,0,0,0,0,8,5,5,6,7
204,2,alfalfa/oats,5/16/23,2023,1M,5,3,0,0,0,8,8,0,8,,,,,
204,2,alfalfa/oats,5/22/23,2023,1M,1,9,0,0,0,10,10,0,2,,,,,
204,2,alfalfa/oats,5/30/23,2023,1M,0,2,0,0,0,2,2,0,-8,,,,,
204,2,alfalfa/oats,6/5/23,2023,1M,0,4,0,0,0,4,4,0,2,,,,,
204,2,alfalfa/oats,6/13/23,2023,1M,0,5,0,0,0,5,5,0,1,,,,,
204,2,alfalfa/oats,6/21/23,2023,1M,0,5,0,0,0,5,5,0,0,,,,,
204,2,alfalfa/oats,6/28/23,2023,1M,0,0,0,0,0,0,0,0,-5,,,,,
204,2,alfalfa/oats,7/6/23,2023,1M,0,0,1,0,0,1,0,1,1,,,,,
204,2,alfalfa/oats,7/12/23,2023,1M,0,5,1,0,0,6,5,1,5,,,,,
204,2,alfalfa/oats,7/18/23,2023,1M,0,0,3,2,0,5,0,5,-1,,,,,
204,2,alfalfa/oats,7/25/23,2023,1M,1,2,2,1,0,6,3,3,1,,,,,
204,2,alfalfa/oats,7/31/23,2023,1M,1,2,3,1,0,7,3,4,1,,,,,
204,2,alfalfa/oats,8/10/23,2023,1M,3,2,5,0,0,10,5,5,3,,,,,
204,2,alfalfa/oats,8/15/23,2023,1M,0,1,6,0,0,7,1,6,-3,,,,,
204,2,alfalfa/oats,8/22/23,2023,1M,0,1,2,0,0,3,1,2,-4,,,,,
204,2,alfalfa/oats,8/31/23,2023,1M,0,0,3,0,0,3,0,3,0,,,,,
204,2,alfalfa/oats,9/8/23,2023,1M,0,0,2,0,0,2,0,2,-1,,,,,
204,2,alfalfa/oats,9/13/23,2023,1M,0,0,1,0,0,1,0,1,-1,,,,,
204,2,alfalfa/oats,9/22/23,2023,1M,0,0,0,0,0,0,0,0,-1,,,,,
204,2,alfalfa/oats,9/29/23,2023,1M,0,0,0,0,0,0,0,0,0,,,,,
205,2,alfalfa/orchardgrass,5/4/23,2023,1M,0,0,0,0,0,0,0,0,0,7,13,17,7,8
205,2,alfalfa/orchardgrass,5/16/23,2023,1M,6,1,0,0,0,7,7,0,7,,,,,
205,2,alfalfa/orchardgrass,5/22/23,2023,1M,0,7,0,0,0,7,7,0,0,,,,,
205,2,alfalfa/orchardgrass,5/30/23,2023,1M,1,11,0,0,0,12,12,0,5,,,,,
205,2,alfalfa/orchardgrass,6/5/23,2023,1M,0,4,1,0,0,5,4,1,-7,,,,,
205,2,alfalfa/orchardgrass,6/13/23,2023,1M,0,6,7,0,0,13,6,7,8,,,,,
205,2,alfalfa/orchardgrass,6/21/23,2023,1M,0,0,10,2,0,12,0,12,-1,,,,,
205,2,alfalfa/orchardgrass,6/28/23,2023,1M,0,12,5,0,0,17,12,5,5,,,,,
205,2,alfalfa/orchardgrass,7/6/23,2023,1M,0,0,4,7,2,13,0,13,-4,,,,,
205,2,alfalfa/orchardgrass,7/12/23,2023,1M,0,0,5,1,0,6,0,6,-7,,,,,
205,2,alfalfa/orchardgrass,7/18/23,2023,1M,0,0,7,1,0,8,0,8,2,,,,,
205,2,alfalfa/orchardgrass,7/25/23,2023,1M,0,1,5,1,0,7,1,6,-1,,,,,
205,2,alfalfa/orchardgrass,7/31/23,2023,1M,0,5,5,1,0,11,5,6,4,,,,,
205,2,alfalfa/orchardgrass,8/10/23,2023,1M,0,2,7,1,0,10,2,8,-1,,,,,
205,2,alfalfa/orchardgrass,8/15/23,2023,1M,0,0,7,1,0,8,0,8,-2,,,,,
205,2,alfalfa/orchardgrass,8/22/23,2023,1M,0,2,5,0,0,7,2,5,-1,,,,,
205,2,alfalfa/orchardgrass,8/31/23,2023,1M,0,1,14,0,0,15,1,14,8,,,,,
205,2,alfalfa/orchardgrass,9/8/23,2023,1M,0,0,14,0,0,14,0,14,-1,,,,,
205,2,alfalfa/orchardgrass,9/13/23,2023,1M,0,0,9,5,0,14,0,14,0,,,,,
205,2,alfalfa/orchardgrass,9/22/23,2023,1M,0,3,4,0,0,7,3,4,-7,,,,,
205,2,alfalfa/orchardgrass,9/29/23,2023,1M,0,0,7,0,0,7,0,7,0,,,,,
206,2,ryelage-sorghum sudangrass,5/4/23,2023,1M,0,0,0,0,0,0,0,0,0,1,0,26,41,47
206,2,ryelage-sorghum sudangrass,5/16/23,2023,1M,0,1,0,0,0,1,1,0,1,,,,,
206,2,ryelage-sorghum sudangrass,5/22/23,2023,1M,0,0,0,0,0,0,0,0,-1,,,,,
206,2,ryelage-sorghum sudangrass,5/30/23,2023,1M,0,0,0,0,0,0,0,0,0,,,,,
206,2,ryelage-sorghum sudangrass,6/5/23,2023,1M,0,0,0,0,0,0,0,0,0,,,,,
206,2,ryelage-sorghum sudangrass,6/13/23,2023,1M,0,0,0,0,0,0,0,0,0,,,,,
206,2,ryelage-sorghum sudangrass,6/21/23,2023,1M,0,0,0,0,0,0,0,0,0,,,,,
206,2,ryelage-sorghum sudangrass,6/28/23,2023,1M,0,26,0,0,0,26,26,0,26,,,,,
206,2,ryelage-sorghum sudangrass,7/6/23,2023,1M,0,0,20,7,0,27,0,27,1,,,,,
206,2,ryelage-sorghum sudangrass,7/12/23,2023,1M,0,9,12,14,0,35,9,26,8,,,,,
206,2,ryelage-sorghum sudangrass,7/18/23,2023,1M,0,0,19,8,6,33,0,33,-2,,,,,
206,2,ryelage-sorghum sudangrass,7/25/23,2023,1M,0,4,10,23,4,41,4,37,8,,,,,
206,2,ryelage-sorghum sudangrass,7/31/23,2023,1M,0,4,15,19,5,43,4,39,2,,,,,
206,2,ryelage-sorghum sudangrass,8/10/23,2023,1M,0,0,18,22,6,46,0,46,3,,,,,
206,2,ryelage-sorghum sudangrass,8/15/23,2023,1M,0,0,15,25,7,47,0,47,1,,,,,
206,2,ryelage-sorghum sudangrass,8/22/23,2023,1M,0,3,7,0,0,10,3,7,-37,,,,,
206,2,ryelage-sorghum sudangrass,8/31/23,2023,1M,0,0,10,0,0,10,0,10,0,,,,,
206,2,ryelage-sorghum sudangrass,9/8/23,2023,1M,0,0,3,6,0,9,0,9,-1,,,,,
206,2,ryelage-sorghum sudangrass,9/13/23,2023,1M,0,0,2,6,0,8,0,8,-1,,,,,
206,2,ryelage-sorghum sudangrass,9/22/23,2023,1M,0,5,6,0,0,11,5,6,3,,,,,
206,2,ryelage-sorghum sudangrass,9/29/23,2023,1M,0,0,6,1,0,7,0,7,-4,,,,,
301,3,alfalfa/oats,5/4/23,2023,1M,0,0,0,0,0,0,0,0,0,0,5,7,6,8
301,3,alfalfa/oats,5/16/23,2023,1M,0,0,0,0,0,0,0,0,0,,,,,
301,3,alfalfa/oats,5/22/23,2023,1M,1,15,0,0,0,16,16,0,16,,,,,
301,3,alfalfa/oats,5/30/23,2023,1M,2,14,0,0,0,16,16,0,0,,,,,
301,3,alfalfa/oats,6/5/23,2023,1M,0,11,4,0,0,15,11,4,-1,,,,,
301,3,alfalfa/oats,6/13/23,2023,1M,0,5,0,0,0,5,5,0,-10,,,,,
301,3,alfalfa/oats,6/21/23,2023,1M,0,6,3,0,0,9,6,3,4,,,,,
301,3,alfalfa/oats,6/28/23,2023,1M,0,5,2,0,0,7,5,2,-2,,,,,
301,3,alfalfa/oats,7/6/23,2023,1M,0,0,3,3,0,6,0,6,-1,,,,,
301,3,alfalfa/oats,7/12/23,2023,1M,0,1,2,0,0,3,1,2,-3,,,,,
301,3,alfalfa/oats,7/18/23,2023,1M,0,3,3,0,0,6,3,3,3,,,,,
301,3,alfalfa/oats,7/25/23,2023,1M,1,2,2,1,0,6,3,3,0,,,,,
301,3,alfalfa/oats,7/31/23,2023,1M,0,4,4,1,0,9,4,5,3,,,,,
301,3,alfalfa/oats,8/10/23,2023,1M,0,2,3,5,0,10,2,8,1,,,,,
301,3,alfalfa/oats,8/15/23,2023,1M,0,0,3,5,0,8,0,8,-2,,,,,
301,3,alfalfa/oats,8/22/23,2023,1M,0,0,10,0,0,10,0,10,2,,,,,
301,3,alfalfa/oats,8/31/23,2023,1M,1,1,4,0,0,6,2,4,-4,,,,,
301,3,alfalfa/oats,9/8/23,2023,1M,0,0,1,5,0,6,0,6,0,,,,,
301,3,alfalfa/oats,9/13/23,2023,1M,0,0,2,6,0,8,0,8,2,,,,,
301,3,alfalfa/oats,9/22/23,2023,1M,0,0,1,2,2,5,0,5,-3,,,,,
301,3,alfalfa/oats,9/29/23,2023,1M,0,1,4,0,0,5,1,4,0,,,,,
302,3,wheat-cc mix,5/4/23,2023,1M,0,0,0,0,0,0,0,0,0,8,0,0,15,11
302,3,wheat-cc mix,5/16/23,2023,1M,5,3,0,0,0,8,8,0,8,,,,,
302,3,wheat-cc mix,5/22/23,2023,1M,0,0,0,0,0,0,0,0,-8,,,,,
302,3,wheat-cc mix,5/30/23,2023,1M,0,0,0,0,0,0,0,0,0,,,,,
302,3,wheat-cc mix,6/5/23,2023,1M,0,0,0,0,0,0,0,0,0,,,,,
302,3,wheat-cc mix,6/13/23,2023,1M,0,0,0,0,0,0,0,0,0,,,,,
302,3,wheat-cc mix,6/21/23,2023,1M,0,0,0,0,0,0,0,0,0,,,,,
302,3,wheat-cc mix,6/28/23,2023,1M,0,0,0,0,0,0,0,0,0,,,,,
302,3,wheat-cc mix,7/6/23,2023,1M,0,0,0,0,0,0,0,0,0,,,,,
302,3,wheat-cc mix,7/12/23,2023,1M,0,0,0,0,0,0,0,0,0,,,,,
302,3,wheat-cc mix,7/18/23,2023,1M,0,0,0,0,0,0,0,0,0,,,,,
302,3,wheat-cc mix,7/25/23,2023,1M,0,12,3,0,0,15,12,3,15,,,,,
302,3,wheat-cc mix,7/31/23,2023,1M,0,4,1,3,0,8,4,4,-7,,,,,
302,3,wheat-cc mix,8/10/23,2023,1M,0,3,5,3,0,11,3,8,3,,,,,
302,3,wheat-cc mix,8/15/23,2023,1M,0,0,3,8,0,11,0,11,0,,,,,
302,3,wheat-cc mix,8/22/23,2023,1M,0,0,2,1,0,3,0,3,-8,,,,,
302,3,wheat-cc mix,8/31/23,2023,1M,0,0,2,1,0,3,0,3,0,,,,,
302,3,wheat-cc mix,9/8/23,2023,1M,0,0,0,5,3,8,0,8,5,,,,,
302,3,wheat-cc mix,9/13/23,2023,1M,0,0,13,7,3,23,0,23,15,,,,,
302,3,wheat-cc mix,9/22/23,2023,1M,0,0,1,5,0,6,0,6,-17,,,,,
302,3,wheat-cc mix,9/29/23,2023,1M,0,0,1,6,0,7,0,7,1,,,,,
303,3,alfalfa/orchardgrass,5/4/23,2023,1M,0,0,0,0,0,0,0,0,0,5,37,42,24,16
303,3,alfalfa/orchardgrass,5/16/23,2023,1M,2,3,0,0,0,5,5,0,5,,,,,
303,3,alfalfa/orchardgrass,5/22/23,2023,1M,0,21,0,0,0,21,21,0,16,,,,,
303,3,alfalfa/orchardgrass,5/30/23,2023,1M,0,8,0,0,0,8,8,0,-13,,,,,
303,3,alfalfa/orchardgrass,6/5/23,2023,1M,0,6,5,0,0,11,6,5,3,,,,,
303,3,alfalfa/orchardgrass,6/13/23,2023,1M,0,30,7,0,0,37,30,7,26,,,,,
303,3,alfalfa/orchardgrass,6/21/23,2023,1M,0,15,24,5,0,44,15,29,7,,,,,
303,3,alfalfa/orchardgrass,6/28/23,2023,1M,0,9,19,12,2,42,9,33,-2,,,,,
303,3,alfalfa/orchardgrass,7/6/23,2023,1M,0,8,13,14,5,40,8,32,-2,,,,,
303,3,alfalfa/orchardgrass,7/12/23,2023,1M,0,10,9,0,0,19,10,9,-21,,,,,
303,3,alfalfa/orchardgrass,7/18/23,2023,1M,0,11,15,0,0,26,11,15,7,,,,,
303,3,alfalfa/orchardgrass,7/25/23,2023,1M,0,4,16,4,0,24,4,20,-2,,,,,
303,3,alfalfa/orchardgrass,7/31/23,2023,1M,0,9,8,11,1,29,9,20,5,,,,,
303,3,alfalfa/orchardgrass,8/10/23,2023,1M,0,0,3,12,4,19,0,19,-10,,,,,
303,3,alfalfa/orchardgrass,8/15/23,2023,1M,0,0,8,4,4,16,0,16,-3,,,,,
303,3,alfalfa/orchardgrass,8/22/23,2023,1M,0,2,10,0,0,12,2,10,-4,,,,,
303,3,alfalfa/orchardgrass,8/31/23,2023,1M,0,0,23,0,0,23,0,23,11,,,,,
303,3,alfalfa/orchardgrass,9/8/23,2023,1M,0,1,20,0,0,21,1,20,-2,,,,,
303,3,alfalfa/orchardgrass,9/13/23,2023,1M,0,0,5,0,0,5,0,5,-16,,,,,
303,3,alfalfa/orchardgrass,9/22/23,2023,1M,0,0,5,1,0,6,0,6,1,,,,,
303,3,alfalfa/orchardgrass,9/29/23,2023,1M,0,0,5,0,0,5,0,5,-1,,,,,
304,3,ryelage-sorghum sudangrass,5/4/23,2023,1M,0,0,0,0,0,0,0,0,0,3,0,16,21,40
304,3,ryelage-sorghum sudangrass,5/16/23,2023,1M,3,0,0,0,0,3,3,0,3,,,,,
304,3,ryelage-sorghum sudangrass,5/22/23,2023,1M,0,22,0,0,0,22,22,0,19,,,,,
304,3,ryelage-sorghum sudangrass,5/30/23,2023,1M,0,0,0,0,0,0,0,0,-22,,,,,
304,3,ryelage-sorghum sudangrass,6/5/23,2023,1M,0,0,0,0,0,0,0,0,0,,,,,
304,3,ryelage-sorghum sudangrass,6/13/23,2023,1M,0,0,0,0,0,0,0,0,0,,,,,
304,3,ryelage-sorghum sudangrass,6/21/23,2023,1M,0,0,0,0,0,0,0,0,0,,,,,
304,3,ryelage-sorghum sudangrass,6/28/23,2023,1M,0,0,16,0,0,16,0,16,16,,,,,
304,3,ryelage-sorghum sudangrass,7/6/23,2023,1M,0,0,24,2,0,26,0,26,10,,,,,
304,3,ryelage-sorghum sudangrass,7/12/23,2023,1M,0,0,23,4,0,27,0,27,1,,,,,
304,3,ryelage-sorghum sudangrass,7/18/23,2023,1M,0,5,10,7,1,23,5,18,-4,,,,,
304,3,ryelage-sorghum sudangrass,7/25/23,2023,1M,0,1,4,13,3,21,1,20,-2,,,,,
304,3,ryelage-sorghum sudangrass,7/31/23,2023,1M,0,2,4,10,12,28,2,26,7,,,,,
304,3,ryelage-sorghum sudangrass,8/10/23,2023,1M,0,0,4,11,19,34,0,34,6,,,,,
304,3,ryelage-sorghum sudangrass,8/15/23,2023,1M,0,0,6,13,21,40,0,40,6,,,,,
304,3,ryelage-sorghum sudangrass,8/22/23,2023,1M,0,0,9,0,0,9,0,9,-31,,,,,
304,3,ryelage-sorghum sudangrass,8/31/23,2023,1M,0,0,8,0,0,8,0,8,-1,,,,,
304,3,ryelage-sorghum sudangrass,9/8/23,2023,1M,0,1,6,0,0,7,1,6,-1,,,,,
304,3,ryelage-sorghum sudangrass,9/13/23,2023,1M,0,0,4,2,0,6,0,6,-1,,,,,
304,3,ryelage-sorghum sudangrass,9/22/23,2023,1M,0,0,5,1,0,6,0,6,0,,,,,
304,3,ryelage-sorghum sudangrass,9/29/23,2023,1M,0,1,7,1,0,9,1,8,3,,,,,
305,3,oats-cc mix,5/4/23,2023,1M,0,0,0,0,0,0,0,0,0,8,2,1,7,5
305,3,oats-cc mix,5/16/23,2023,1M,4,4,0,0,0,8,8,0,8,,,,,
305,3,oats-cc mix,5/22/23,2023,1M,0,15,0,0,0,15,15,0,7,,,,,
305,3,oats-cc mix,5/30/23,2023,1M,0,0,0,0,0,0,0,0,-15,,,,,
305,3,oats-cc mix,6/5/23,2023,1M,0,2,0,0,0,2,2,0,2,,,,,
305,3,oats-cc mix,6/13/23,2023,1M,0,2,0,0,0,2,2,0,0,,,,,
305,3,oats-cc mix,6/21/23,2023,1M,0,1,0,0,0,1,1,0,-1,,,,,
305,3,oats-cc mix,6/28/23,2023,1M,0,0,1,0,0,1,0,1,0,,,,,
305,3,oats-cc mix,7/6/23,2023,1M,0,0,1,0,0,1,0,1,0,,,,,
305,3,oats-cc mix,7/12/23,2023,1M,0,0,1,0,0,1,0,1,0,,,,,
305,3,oats-cc mix,7/18/23,2023,1M,0,1,1,0,0,2,1,1,1,,,,,
305,3,oats-cc mix,7/25/23,2023,1M,0,6,1,0,0,7,6,1,5,,,,,
305,3,oats-cc mix,7/31/23,2023,1M,1,3,1,0,0,5,4,1,-2,,,,,
305,3,oats-cc mix,8/10/23,2023,1M,0,0,5,0,0,5,0,5,0,,,,,
305,3,oats-cc mix,8/15/23,2023,1M,0,1,4,0,0,5,1,4,0,,,,,
305,3,oats-cc mix,8/22/23,2023,1M,0,2,1,0,0,3,2,1,-2,,,,,
305,3,oats-cc mix,8/31/23,2023,1M,0,1,1,2,0,4,1,3,1,,,,,
305,3,oats-cc mix,9/8/23,2023,1M,0,0,1,2,1,4,0,4,0,,,,,
305,3,oats-cc mix,9/13/23,2023,1M,0,0,0,3,1,4,0,4,0,,,,,
305,3,oats-cc mix,9/22/23,2023,1M,0,0,0,3,1,4,0,4,0,,,,,
305,3,oats-cc mix,9/29/23,2023,1M,0,0,2,1,1,4,0,4,0,,,,,
306,3,wheat/clover,5/4/23,2023,1M,0,0,0,0,0,0,0,0,0,0,0,0,4,4
306,3,wheat/clover,5/16/23,2023,1M,0,0,0,0,0,0,0,0,0,,,,,
306,3,wheat/clover,5/22/23,2023,1M,0,0,0,0,0,0,0,0,0,,,,,
306,3,wheat/clover,5/30/23,2023,1M,0,0,0,0,0,0,0,0,0,,,,,
306,3,wheat/clover,6/5/23,2023,1M,0,1,0,0,0,1,1,0,1,,,,,
306,3,wheat/clover,6/13/23,2023,1M,0,0,0,0,0,0,0,0,-1,,,,,
306,3,wheat/clover,6/21/23,2023,1M,0,0,0,0,0,0,0,0,0,,,,,
306,3,wheat/clover,6/28/23,2023,1M,0,0,0,0,0,0,0,0,0,,,,,
306,3,wheat/clover,7/6/23,2023,1M,0,0,0,0,0,0,0,0,0,,,,,
306,3,wheat/clover,7/12/23,2023,1M,0,0,0,0,0,0,0,0,0,,,,,
306,3,wheat/clover,7/18/23,2023,1M,0,0,0,0,0,0,0,0,0,,,,,
306,3,wheat/clover,7/25/23,2023,1M,0,2,1,1,0,4,2,2,4,,,,,
306,3,wheat/clover,7/31/23,2023,1M,0,2,0,0,0,2,2,0,-2,,,,,
306,3,wheat/clover,8/10/23,2023,1M,0,0,4,0,0,4,0,4,2,,,,,
306,3,wheat/clover,8/15/23,2023,1M,0,3,1,0,0,4,3,1,0,,,,,
306,3,wheat/clover,8/22/23,2023,1M,0,0,0,4,0,4,0,4,0,,,,,
306,3,wheat/clover,8/31/23,2023,1M,0,0,2,0,0,2,0,2,-2,,,,,
306,3,wheat/clover,9/8/23,2023,1M,0,0,1,0,0,1,0,1,-1,,,,,
306,3,wheat/clover,9/13/23,2023,1M,0,0,0,0,0,0,0,0,-1,,,,,
306,3,wheat/clover,9/22/23,2023,1M,0,0,0,0,0,0,0,0,0,,,,,
306,3,wheat/clover,9/29/23,2023,1M,0,0,0,0,0,0,0,0,0,,,,,
401,4,ryelage-sorghum sudangrass,5/4/23,2023,1M,0,0,0,0,0,0,0,0,0,0,0,34,64,68
401,4,ryelage-sorghum sudangrass,5/16/23,2023,1M,0,0,0,0,0,0,0,0,0,,,,,
401,4,ryelage-sorghum sudangrass,5/22/23,2023,1M,0,2,0,0,0,2,2,0,2,,,,,
401,4,ryelage-sorghum sudangrass,5/30/23,2023,1M,0,0,0,0,0,0,0,0,-2,,,,,
401,4,ryelage-sorghum sudangrass,6/5/23,2023,1M,0,0,0,0,0,0,0,0,0,,,,,
401,4,ryelage-sorghum sudangrass,6/13/23,2023,1M,0,0,0,0,0,0,0,0,0,,,,,
401,4,ryelage-sorghum sudangrass,6/21/23,2023,1M,0,0,0,0,0,0,0,0,0,,,,,
401,4,ryelage-sorghum sudangrass,6/28/23,2023,1M,4,30,0,0,0,34,34,0,34,,,,,
401,4,ryelage-sorghum sudangrass,7/6/23,2023,1M,0,0,32,3,0,35,0,35,1,,,,,
401,4,ryelage-sorghum sudangrass,7/12/23,2023,1M,0,20,23,3,0,46,20,26,11,,,,,
401,4,ryelage-sorghum sudangrass,7/18/23,2023,1M,0,19,24,3,0,46,19,27,0,,,,,
401,4,ryelage-sorghum sudangrass,7/25/23,2023,1M,0,5,9,42,8,64,5,59,18,,,,,
401,4,ryelage-sorghum sudangrass,7/31/23,2023,1M,0,6,7,30,22,65,6,59,1,,,,,
401,4,ryelage-sorghum sudangrass,8/10/23,2023,1M,0,0,10,26,27,63,0,63,-2,,,,,
401,4,ryelage-sorghum sudangrass,8/15/23,2023,1M,0,0,12,27,29,68,0,68,5,,,,,
401,4,ryelage-sorghum sudangrass,8/22/23,2023,1M,0,0,2,2,0,4,0,4,-64,,,,,
401,4,ryelage-sorghum sudangrass,8/31/23,2023,1M,0,0,1,2,0,3,0,3,-1,,,,,
401,4,ryelage-sorghum sudangrass,9/8/23,2023,1M,0,0,3,0,0,3,0,3,0,,,,,
401,4,ryelage-sorghum sudangrass,9/13/23,2023,1M,0,0,0,2,0,2,0,2,-1,,,,,
401,4,ryelage-sorghum sudangrass,9/22/23,2023,1M,0,1,4,1,0,6,1,5,4,,,,,
401,4,ryelage-sorghum sudangrass,9/29/23,2023,1M,0,0,0,3,0,3,0,3,-3,,,,,
402,4,wheat/clover,5/4/23,2023,1M,0,0,0,0,0,0,0,0,0,2,0,0,7,7
402,4,wheat/clover,5/16/23,2023,1M,0,2,0,0,0,2,2,0,2,,,,,
402,4,wheat/clover,5/22/23,2023,1M,0,0,0,0,0,0,0,0,-2,,,,,
402,4,wheat/clover,5/30/23,2023,1M,0,0,0,0,0,0,0,0,0,,,,,
402,4,wheat/clover,6/5/23,2023,1M,0,0,0,0,0,0,0,0,0,,,,,
402,4,wheat/clover,6/13/23,2023,1M,0,0,0,0,0,0,0,0,0,,,,,
402,4,wheat/clover,6/21/23,2023,1M,0,0,0,0,0,0,0,0,0,,,,,
402,4,wheat/clover,6/28/23,2023,1M,0,0,0,0,0,0,0,0,0,,,,,
402,4,wheat/clover,7/6/23,2023,1M,0,0,0,0,0,0,0,0,0,,,,,
402,4,wheat/clover,7/12/23,2023,1M,0,0,0,0,0,0,0,0,0,,,,,
402,4,wheat/clover,7/18/23,2023,1M,0,0,0,0,0,0,0,0,0,,,,,
402,4,wheat/clover,7/25/23,2023,1M,0,4,3,0,0,7,4,3,7,,,,,
402,4,wheat/clover,7/31/23,2023,1M,0,5,1,1,0,7,5,2,0,,,,,
402,4,wheat/clover,8/10/23,2023,1M,0,0,3,4,0,7,0,7,0,,,,,
402,4,wheat/clover,8/15/23,2023,1M,0,0,3,4,0,7,0,7,0,,,,,
402,4,wheat/clover,8/22/23,2023,1M,0,0,1,0,0,1,0,1,-6,,,,,
402,4,wheat/clover,8/31/23,2023,1M,0,1,2,0,0,3,1,2,2,,,,,
402,4,wheat/clover,9/8/23,2023,1M,0,1,2,0,0,3,1,2,0,,,,,
402,4,wheat/clover,9/13/23,2023,1M,0,0,3,0,0,3,0,3,0,,,,,
402,4,wheat/clover,9/22/23,2023,1M,0,0,0,0,0,0,0,0,-3,,,,,
402,4,wheat/clover,9/29/23,2023,1M,0,0,0,0,0,0,0,0,0,,,,,
403,4,oats-cc mix,5/4/23,2023,1M,0,0,0,0,0,0,0,0,0,0,4,0,4,3
403,4,oats-cc mix,5/16/23,2023,1M,0,0,0,0,0,0,0,0,0,,,,,
403,4,oats-cc mix,5/22/23,2023,1M,0,0,0,0,0,0,0,0,0,,,,,
403,4,oats-cc mix,5/30/23,2023,1M,0,2,0,0,0,2,2,0,2,,,,,
403,4,oats-cc mix,6/5/23,2023,1M,0,0,0,0,0,0,0,0,-2,,,,,
403,4,oats-cc mix,6/13/23,2023,1M,0,4,0,0,0,4,4,0,4,,,,,
403,4,oats-cc mix,6/21/23,2023,1M,0,0,0,0,0,0,0,0,-4,,,,,
403,4,oats-cc mix,6/28/23,2023,1M,0,0,0,0,0,0,0,0,0,,,,,
403,4,oats-cc mix,7/6/23,2023,1M,0,0,0,0,0,0,0,0,0,,,,,
403,4,oats-cc mix,7/12/23,2023,1M,0,0,0,0,0,0,0,0,0,,,,,
403,4,oats-cc mix,7/18/23,2023,1M,0,0,0,0,0,0,0,0,0,,,,,
403,4,oats-cc mix,7/25/23,2023,1M,0,4,0,0,0,4,4,0,4,,,,,
403,4,oats-cc mix,7/31/23,2023,1M,0,5,0,0,0,5,5,0,1,,,,,
403,4,oats-cc mix,8/10/23,2023,1M,0,1,4,0,0,5,1,4,0,,,,,
403,4,oats-cc mix,8/15/23,2023,1M,0,1,2,0,0,3,1,2,-2,,,,,
403,4,oats-cc mix,8/22/23,2023,1M,0,0,0,1,0,1,0,1,-2,,,,,
403,4,oats-cc mix,8/31/23,2023,1M,0,0,1,0,0,1,0,1,0,,,,,
403,4,oats-cc mix,9/8/23,2023,1M,0,0,1,0,0,1,0,1,0,,,,,
403,4,oats-cc mix,9/13/23,2023,1M,0,0,0,0,0,0,0,0,-1,,,,,
403,4,oats-cc mix,9/22/23,2023,1M,0,0,0,0,0,0,0,0,0,,,,,
403,4,oats-cc mix,9/29/23,2023,1M,0,1,0,0,0,1,1,0,1,,,,,
404,4,alfalfa/orchardgrass,5/4/23,2023,1M,0,0,0,0,0,0,0,0,0,5,0,15,17,22
404,4,alfalfa/orchardgrass,5/16/23,2023,1M,3,2,0,0,0,5,5,0,5,,,,,
404,4,alfalfa/orchardgrass,5/22/23,2023,1M,1,4,0,0,0,5,5,0,0,,,,,
404,4,alfalfa/orchardgrass,5/30/23,2023,1M,0,0,0,0,0,0,0,0,-5,,,,,
404,4,alfalfa/orchardgrass,6/5/23,2023,1M,0,1,0,0,0,1,1,0,1,,,,,
404,4,alfalfa/orchardgrass,6/13/23,2023,1M,0,0,0,0,0,0,0,0,-1,,,,,
404,4,alfalfa/orchardgrass,6/21/23,2023,1M,0,9,0,0,0,9,9,0,9,,,,,
404,4,alfalfa/orchardgrass,6/28/23,2023,1M,2,3,10,0,0,15,5,10,6,,,,,
404,4,alfalfa/orchardgrass,7/6/23,2023,1M,0,2,4,6,2,14,2,12,-1,,,,,
404,4,alfalfa/orchardgrass,7/12/23,2023,1M,0,9,5,1,0,15,9,6,1,,,,,
404,4,alfalfa/orchardgrass,7/18/23,2023,1M,0,8,5,1,8,22,8,14,7,,,,,
404,4,alfalfa/orchardgrass,7/25/23,2023,1M,2,5,8,2,0,17,7,10,-5,,,,,
404,4,alfalfa/orchardgrass,7/31/23,2023,1M,1,5,11,1,0,18,6,12,1,,,,,
404,4,alfalfa/orchardgrass,8/10/23,2023,1M,0,4,10,8,0,22,4,18,4,,,,,
404,4,alfalfa/orchardgrass,8/15/23,2023,1M,0,2,11,9,0,22,2,20,0,,,,,
404,4,alfalfa/orchardgrass,8/22/23,2023,1M,0,0,5,2,0,7,0,7,-15,,,,,
404,4,alfalfa/orchardgrass,8/31/23,2023,1M,0,0,8,0,0,8,0,8,1,,,,,
404,4,alfalfa/orchardgrass,9/8/23,2023,1M,0,0,5,2,0,7,0,7,-1,,,,,
404,4,alfalfa/orchardgrass,9/13/23,2023,1M,0,0,6,1,0,7,0,7,0,,,,,
404,4,alfalfa/orchardgrass,9/22/23,2023,1M,0,0,0,0,0,0,0,0,-7,,,,,
404,4,alfalfa/orchardgrass,9/29/23,2023,1M,0,0,2,0,0,2,0,2,2,,,,,
405,4,wheat-cc mix,5/4/23,2023,1M,0,0,0,0,0,0,0,0,0,0,0,0,11,9
405,4,wheat-cc mix,5/16/23,2023,1M,0,0,0,0,0,0,0,0,0,,,,,
405,4,wheat-cc mix,5/22/23,2023,1M,0,2,0,0,0,2,2,0,2,,,,,
405,4,wheat-cc mix,5/30/23,2023,1M,0,0,0,0,0,0,0,0,-2,,,,,
405,4,wheat-cc mix,6/5/23,2023,1M,0,0,0,0,0,0,0,0,0,,,,,
405,4,wheat-cc mix,6/13/23,2023,1M,0,0,0,0,0,0,0,0,0,,,,,
405,4,wheat-cc mix,6/21/23,2023,1M,0,0,0,0,0,0,0,0,0,,,,,
405,4,wheat-cc mix,6/28/23,2023,1M,0,0,0,0,0,0,0,0,0,,,,,
405,4,wheat-cc mix,7/6/23,2023,1M,0,0,0,0,0,0,0,0,0,,,,,
405,4,wheat-cc mix,7/12/23,2023,1M,0,8,0,0,0,8,8,0,8,,,,,
405,4,wheat-cc mix,7/18/23,2023,1M,2,7,0,0,0,9,9,0,1,,,,,
405,4,wheat-cc mix,7/25/23,2023,1M,0,6,4,1,0,11,6,5,2,,,,,
405,4,wheat-cc mix,7/31/23,2023,1M,0,6,4,0,0,10,6,4,-1,,,,,
405,4,wheat-cc mix,8/10/23,2023,1M,0,6,4,0,0,10,6,4,0,,,,,
405,4,wheat-cc mix,8/15/23,2023,1M,0,5,3,1,0,9,5,4,-1,,,,,
405,4,wheat-cc mix,8/22/23,2023,1M,0,0,3,1,0,4,0,4,-5,,,,,
405,4,wheat-cc mix,8/31/23,2023,1M,0,1,3,1,1,6,1,5,2,,,,,
405,4,wheat-cc mix,9/8/23,2023,1M,0,0,0,7,0,7,0,7,1,,,,,
405,4,wheat-cc mix,9/13/23,2023,1M,0,0,5,2,0,7,0,7,0,,,,,
405,4,wheat-cc mix,9/22/23,2023,1M,0,0,1,3,0,4,0,4,-3,,,,,
405,4,wheat-cc mix,9/29/23,2023,1M,0,0,4,4,0,8,0,8,4,,,,,
406,4,alfalfa/oats,5/4/23,2023,1M,0,0,0,0,0,0,0,0,0,3,0,2,2,2
406,4,alfalfa/oats,5/16/23,2023,1M,3,0,0,0,0,3,3,0,3,,,,,
406,4,alfalfa/oats,5/22/23,2023,1M,0,0,0,0,0,0,0,0,-3,,,,,
406,4,alfalfa/oats,5/30/23,2023,1M,0,0,0,0,0,0,0,0,0,,,,,
406,4,alfalfa/oats,6/5/23,2023,1M,0,0,0,0,0,0,0,0,0,,,,,
406,4,alfalfa/oats,6/13/23,2023,1M,0,0,0,0,0,0,0,0,0,,,,,
406,4,alfalfa/oats,6/21/23,2023,1M,0,0,0,0,0,0,0,0,0,,,,,
406,4,alfalfa/oats,6/28/23,2023,1M,0,1,1,0,0,2,1,1,2,,,,,
406,4,alfalfa/oats,7/6/23,2023,1M,0,0,2,0,0,2,0,2,0,,,,,
406,4,alfalfa/oats,7/12/23,2023,1M,0,0,0,0,0,0,0,0,-2,,,,,
406,4,alfalfa/oats,7/18/23,2023,1M,0,0,0,0,0,0,0,0,0,,,,,
406,4,alfalfa/oats,7/25/23,2023,1M,0,1,0,1,0,2,1,1,2,,,,,
406,4,alfalfa/oats,7/31/23,2023,1M,0,2,0,0,0,2,2,0,0,,,,,
406,4,alfalfa/oats,8/10/23,2023,1M,0,2,0,0,0,2,2,0,0,,,,,
406,4,alfalfa/oats,8/15/23,2023,1M,0,2,0,0,0,2,2,0,0,,,,,
406,4,alfalfa/oats,8/22/23,2023,1M,0,0,0,0,0,0,0,0,-2,,,,,
406,4,alfalfa/oats,8/31/23,2023,1M,0,0,0,0,0,0,0,0,0,,,,,
406,4,alfalfa/oats,9/8/23,2023,1M,0,0,0,1,0,1,0,1,1,,,,,
406,4,alfalfa/oats,9/13/23,2023,1M,0,0,0,0,0,0,0,0,-1,,,,,
406,4,alfalfa/oats,9/22/23,2023,1M,0,0,0,0,0,0,0,0,0,,,,,
406,4,alfalfa/oats,9/29/23,2023,1M,0,0,0,0,0,0,0,0,0,,,,,