plot,block,treatment,count.dates,quadrat,wh.coty,wh.0.2,wh.2.4,wh.4.12,wh.12,weekly.total,c.2,2.12,recruitment,Spring.Rylage,Mid-June,Alfalfa.1,Small.Grains,Forage.2,,,,,cumulative.coty,cumulative.0.2,cumulative,total
101,1,alfalfa/orchardgrass,5/4/23,1M,0,0,0,0,0,0,0,0,0,18,15,16,15,15,,,,,0,0,122,122
101,1,alfalfa/orchardgrass,5/16/23,1M,6,12,0,0,0,18,18,0,18,,,,,,,,,,6,12,,
101,1,alfalfa/orchardgrass,5/22/23,1M,0,7,0,0,0,7,7,0,-11,,,,,,,,,,6,19,,
101,1,alfalfa/orchardgrass,5/30/23,1M,0,4,0,0,0,4,4,0,-3,,,,,,,,,,6,23,,
101,1,alfalfa/orchardgrass,6/5/23,1M,0,17,1,0,0,18,17,1,14,,,,,,,,,,6,40,,
101,1,alfalfa/orchardgrass,6/13/23,1M,0,12,3,0,0,15,12,3,-3,,,,,,,,,,6,52,,
101,1,alfalfa/orchardgrass,6/21/23,1M,0,16,4,0,0,20,16,4,5,,,,,,,,,,6,68,,
101,1,alfalfa/orchardgrass,6/28/23,1M,0,12,4,0,0,16,12,4,-4,,,,,,,,,,6,80,,
101,1,alfalfa/orchardgrass,7/6/23,1M,0,2,9,4,0,15,2,13,-1,,,,,,,,,,6,82,,
101,1,alfalfa/orchardgrass,7/12/23,1M,0,0,15,0,0,15,0,15,0,,,,,,,,,,6,82,,
101,1,alfalfa/orchardgrass,7/18/23,1M,0,1,8,5,0,14,1,13,-1,,,,,,,,,,6,83,,
101,1,alfalfa/orchardgrass,7/25/23,1M,1,10,3,1,0,15,11,4,1,,,,,,,,,,7,93,,
101,1,alfalfa/orchardgrass,7/31/23,1M,1,6,6,2,0,15,7,8,0,,,,,,,,,,8,99,,
101,1,alfalfa/orchardgrass,8/10/23,1M,0,5,8,1,0,14,5,9,-1,,,,,,,,,,8,104,,
101,1,alfalfa/orchardgrass,8/15/23,1M,0,4,10,1,0,15,4,11,1,,,,,,,,,,8,108,,
101,1,alfalfa/orchardgrass,8/22/23,1M,0,3,0,0,0,3,3,0,-12,,,,,,,,,,8,111,,
101,1,alfalfa/orchardgrass,8/31/23,1M,0,2,2,0,0,4,2,2,1,,,,,,,,,,8,113,,
101,1,alfalfa/orchardgrass,9/8/23,1M,0,1,3,0,0,4,1,3,0,,,,,,,,,,8,114,,
101,1,alfalfa/orchardgrass,9/13/23,1M,0,0,3,0,0,3,0,3,-1,,,,,,,,,,8,114,,
101,1,alfalfa/orchardgrass,9/22/23,1M,0,0,3,0,0,3,0,3,0,,,,,,,,,,,,,
101,1,alfalfa/orchardgrass,9/29/23,1M,0,0,5,1,0,6,0,6,3,,,,,,,,,,,,,
102,1,ryelage-sorghum sudangrass,5/4/23,1M,0,0,0,0,0,0,0,0,0,15,0,45,53,58,,,,,0,0,89,89
102,1,ryelage-sorghum sudangrass,5/16/23,1M,7,8,0,0,0,15,15,0,15,,,,,,,,,,7,8,,
102,1,ryelage-sorghum sudangrass,5/22/23,1M,0,0,0,0,0,0,0,0,-15,,,,,,,,,,7,8,,
102,1,ryelage-sorghum sudangrass,5/30/23,1M,0,0,0,0,0,0,0,0,0,,,,,,,,,,7,8,,
102,1,ryelage-sorghum sudangrass,6/5/23,1M,0,0,0,0,0,0,0,0,0,,,,,,,,,,7,8,,
102,1,ryelage-sorghum sudangrass,6/13/23,1M,0,0,0,0,0,0,0,0,0,,,,,,,,,,7,8,,
102,1,ryelage-sorghum sudangrass,6/21/23,1M,0,0,0,0,0,0,0,0,0,,,,,,,,,,7,8,,
102,1,ryelage-sorghum sudangrass,6/28/23,1M,7,38,0,0,0,45,45,0,45,,,,,,,,,,14,46,,
102,1,ryelage-sorghum sudangrass,7/6/23,1M,0,3,19,20,0,42,3,39,-3,,,,,,,,,,14,49,,
102,1,ryelage-sorghum sudangrass,7/12/23,1M,0,10,14,18,0,42,10,32,0,,,,,,,,,,14,59,,
102,1,ryelage-sorghum sudangrass,7/18/23,1M,0,0,7,28,18,53,0,53,11,,,,,,,,,,14,59,,
102,1,ryelage-sorghum sudangrass,7/25/23,1M,0,3,6,37,7,53,3,50,0,,,,,,,,,,14,62,,
102,1,ryelage-sorghum sudangrass,7/31/23,1M,0,0,3,37,13,53,0,53,0,,,,,,,,,,14,62,,
102,1,ryelage-sorghum sudangrass,8/10/23,1M,0,0,6,28,20,54,0,54,1,,,,,,,,,,14,62,,
102,1,ryelage-sorghum sudangrass,8/15/23,1M,0,0,8,29,21,58,0,58,4,,,,,,,,,,14,62,,
102,1,ryelage-sorghum sudangrass,8/22/23,1M,0,0,5,0,0,5,0,5,-53,,,,,,,,,,14,62,,
102,1,ryelage-sorghum sudangrass,8/31/23,1M,1,10,0,0,0,11,11,0,6,,,,,,,,,,15,72,,
102,1,ryelage-sorghum sudangrass,9/8/23,1M,0,2,6,3,0,11,2,9,0,,,,,,,,,,15,74,,
102,1,ryelage-sorghum sudangrass,9/13/23,1M,0,0,0,13,0,13,0,13,2,,,,,,,,,,15,74,,
102,1,ryelage-sorghum sudangrass,9/22/23,1M,0,0,5,6,0,11,0,11,-2,,,,,,,,,,,,,
102,1,ryelage-sorghum sudangrass,9/29/23,1M,0,0,8,2,0,10,0,10,-1,,,,,,,,,,,,,
103,1,wheat/clover,5/4/23,1M,0,0,0,0,0,0,0,0,0,6,0,0,1,3,,,,,0,0,10,10
103,1,wheat/clover,5/16/23,1M,1,5,0,0,0,6,6,0,6,,,,,,,,,,1,5,,
103,1,wheat/clover,5/22/23,1M,0,0,0,0,0,0,0,0,-6,,,,,,,,,,1,5,,
103,1,wheat/clover,5/30/23,1M,0,0,0,0,0,0,0,0,0,,,,,,,,,,1,5,,
103,1,wheat/clover,6/5/23,1M,0,0,0,0,0,0,0,0,0,,,,,,,,,,1,5,,
103,1,wheat/clover,6/13/23,1M,0,0,0,0,0,0,0,0,0,,,,,,,,,,1,5,,
103,1,wheat/clover,6/21/23,1M,0,0,0,0,0,0,0,0,0,,,,,,,,,,1,5,,
103,1,wheat/clover,6/28/23,1M,0,0,0,0,0,0,0,0,0,,,,,,,,,,1,5,,
103,1,wheat/clover,7/6/23,1M,0,0,0,0,0,0,0,0,0,,,,,,,,,,1,5,,
103,1,wheat/clover,7/12/23,1M,0,0,0,0,0,0,0,0,0,,,,,,,,,,1,5,,
103,1,wheat/clover,7/18/23,1M,0,0,1,0,0,1,0,1,1,,,,,,,,,,1,5,,
103,1,wheat/clover,7/25/23,1M,0,0,1,0,0,1,0,1,0,,,,,,,,,,1,5,,
103,1,wheat/clover,7/31/23,1M,0,4,0,1,0,5,4,1,4,,,,,,,,,,1,9,,
103,1,wheat/clover,8/10/23,1M,0,0,2,3,0,5,0,5,0,,,,,,,,,,1,9,,
103,1,wheat/clover,8/15/23,1M,0,0,2,1,0,3,0,3,-2,,,,,,,,,,1,9,,
103,1,wheat/clover,8/22/23,1M,0,0,2,0,0,2,0,2,-1,,,,,,,,,,1,9,,
103,1,wheat/clover,8/31/23,1M,0,0,1,0,0,1,0,1,-1,,,,,,,,,,1,9,,
103,1,wheat/clover,9/8/23,1M,0,0,2,0,0,2,0,2,1,,,,,,,,,,1,9,,
103,1,wheat/clover,9/13/23,1M,0,0,1,1,0,2,0,2,0,,,,,,,,,,1,9,,
103,1,wheat/clover,9/22/23,1M,0,0,1,0,0,1,0,1,-1,,,,,,,,,,,,,
103,1,wheat/clover,9/29/23,1M,0,0,0,0,0,0,0,0,-1,,,,,,,,,,,,,
104,1,wheat-cc mix,5/4/23,1M,0,0,0,0,0,0,0,0,0,5,0,0,1,0,,,,,0,0,12,12
104,1,wheat-cc mix,5/16/23,1M,5,0,0,0,0,5,5,0,5,,,,,,,,,,5,0,,
104,1,wheat-cc mix,5/22/23,1M,0,0,0,0,0,0,0,0,-5,,,,,,,,,,5,0,,
104,1,wheat-cc mix,5/30/23,1M,0,0,0,0,0,0,0,0,0,,,,,,,,,,5,0,,
104,1,wheat-cc mix,6/5/23,1M,0,0,0,0,0,0,0,0,0,,,,,,,,,,5,0,,
104,1,wheat-cc mix,6/13/23,1M,0,0,0,0,0,0,0,0,0,,,,,,,,,,5,0,,
104,1,wheat-cc mix,6/21/23,1M,0,0,0,0,0,0,0,0,0,,,,,,,,,,5,0,,
104,1,wheat-cc mix,6/28/23,1M,0,0,0,0,0,0,0,0,0,,,,,,,,,,5,0,,
104,1,wheat-cc mix,7/6/23,1M,0,0,0,0,0,0,0,0,0,,,,,,,,,,5,0,,
104,1,wheat-cc mix,7/12/23,1M,0,1,0,0,0,1,1,0,1,,,,,,,,,,5,1,,
104,1,wheat-cc mix,7/18/23,1M,0,1,0,0,0,1,1,0,0,,,,,,,,,,5,2,,
104,1,wheat-cc mix,7/25/23,1M,0,1,0,0,0,1,1,0,0,,,,,,,,,,5,3,,
104,1,wheat-cc mix,7/31/23,1M,0,3,1,0,0,4,3,1,3,,,,,,,,,,5,6,,
104,1,wheat-cc mix,8/10/23,1M,0,0,3,0,0,3,0,3,-1,,,,,,,,,,5,6,,
104,1,wheat-cc mix,8/15/23,1M,0,0,0,0,0,0,0,0,-3,,,,,,,,,,5,6,,
104,1,wheat-cc mix,8/22/23,1M,0,0,1,0,0,1,0,1,1,,,,,,,,,,5,6,,
104,1,wheat-cc mix,8/31/23,1M,0,1,1,1,0,3,1,2,2,,,,,,,,,,5,7,,
104,1,wheat-cc mix,9/8/23,1M,0,0,1,1,0,2,0,2,-1,,,,,,,,,,5,7,,
104,1,wheat-cc mix,9/13/23,1M,0,0,0,2,1,3,0,3,1,,,,,,,,,,5,7,,
104,1,wheat-cc mix,9/22/23,1M,0,0,2,0,0,2,0,2,-1,,,,,,,,,,,,,
104,1,wheat-cc mix,9/29/23,1M,0,0,1,1,0,2,0,2,0,,,,,,,,,,,,,
105,1,alfalfa/oats,5/4/23,1M,0,0,0,0,0,0,0,0,0,5,3,1,4,5,,,,,0,0,34,34
105,1,alfalfa/oats,5/16/23,1M,2,3,0,0,0,5,5,0,5,,,,,,,,,,2,3,,
105,1,alfalfa/oats,5/22/23,1M,0,4,0,0,0,4,4,0,-1,,,,,,,,,,2,7,,
105,1,alfalfa/oats,5/30/23,1M,0,6,0,0,0,6,6,0,2,,,,,,,,,,2,13,,
105,1,alfalfa/oats,6/5/23,1M,0,2,0,0,0,2,2,0,-4,,,,,,,,,,2,15,,
105,1,alfalfa/oats,6/13/23,1M,0,3,0,0,0,3,3,0,1,,,,,,,,,,2,18,,
105,1,alfalfa/oats,6/21/23,1M,0,2,0,0,0,2,2,0,-1,,,,,,,,,,2,20,,
105,1,alfalfa/oats,6/28/23,1M,0,1,0,0,0,1,1,0,-1,,,,,,,,,,2,21,,
105,1,alfalfa/oats,7/6/23,1M,0,0,1,0,0,1,0,1,0,,,,,,,,,,2,21,,
105,1,alfalfa/oats,7/12/23,1M,0,1,2,0,0,3,1,2,2,,,,,,,,,,2,22,,
105,1,alfalfa/oats,7/18/23,1M,0,3,1,0,0,4,3,1,1,,,,,,,,,,2,25,,
105,1,alfalfa/oats,7/25/23,1M,0,2,2,0,0,4,2,2,0,,,,,,,,,,2,27,,
105,1,alfalfa/oats,7/31/23,1M,0,3,3,0,0,6,3,3,2,,,,,,,,,,2,30,,
105,1,alfalfa/oats,8/10/23,1M,0,0,5,0,0,5,0,5,-1,,,,,,,,,,2,30,,
105,1,alfalfa/oats,8/15/23,1M,0,0,5,0,0,5,0,5,0,,,,,,,,,,2,30,,
105,1,alfalfa/oats,8/22/23,1M,0,1,2,0,0,3,1,2,-2,,,,,,,,,,2,31,,
105,1,alfalfa/oats,8/31/23,1M,0,1,2,0,0,3,1,2,0,,,,,,,,,,2,32,,
105,1,alfalfa/oats,9/8/23,1M,0,0,3,0,0,3,0,3,0,,,,,,,,,,2,32,,
105,1,alfalfa/oats,9/13/23,1M,0,0,0,5,0,5,0,5,2,,,,,,,,,,2,32,,
105,1,alfalfa/oats,9/22/23,1M,0,0,3,0,0,3,0,3,-2,,,,,,,,,,,,,
105,1,alfalfa/oats,9/29/23,1M,0,1,1,0,0,2,1,1,-1,,,,,,,,,,,,,
106,1,oats-cc mix,5/4/23,1M,0,0,0,0,0,0,0,0,0,0,0,9,13,6,,,,,0,0,55,55
106,1,oats-cc mix,5/16/23,1M,0,0,0,0,0,0,0,0,0,,,,,,,,,,0,0,,
106,1,oats-cc mix,5/22/23,1M,0,6,0,0,0,6,6,0,6,,,,,,,,,,0,6,,
106,1,oats-cc mix,5/30/23,1M,0,4,0,0,0,4,4,0,-2,,,,,,,,,,0,10,,
106,1,oats-cc mix,6/5/23,1M,0,0,0,0,0,0,0,0,-4,,,,,,,,,,0,10,,
106,1,oats-cc mix,6/13/23,1M,0,0,0,0,0,0,0,0,0,,,,,,,,,,0,10,,
106,1,oats-cc mix,6/21/23,1M,0,3,0,0,0,3,3,0,3,,,,,,,,,,0,13,,
106,1,oats-cc mix,6/28/23,1M,2,7,0,0,0,9,9,0,6,,,,,,,,,,2,20,,
106,1,oats-cc mix,7/6/23,1M,0,0,0,1,0,1,0,1,-8,,,,,,,,,,2,20,,
106,1,oats-cc mix,7/12/23,1M,0,9,0,0,0,9,9,0,8,,,,,,,,,,2,29,,
106,1,oats-cc mix,7/18/23,1M,0,4,4,1,0,9,4,5,0,,,,,,,,,,2,33,,
106,1,oats-cc mix,7/25/23,1M,1,9,3,0,0,13,10,3,4,,,,,,,,,,3,42,,
106,1,oats-cc mix,7/31/23,1M,0,10,3,0,0,13,10,3,0,,,,,,,,,,3,52,,
106,1,oats-cc mix,8/10/23,1M,0,0,9,3,0,12,0,12,-1,,,,,,,,,,3,52,,
106,1,oats-cc mix,8/15/23,1M,0,0,6,0,0,6,0,6,-6,,,,,,,,,,3,52,,
106,1,oats-cc mix,8/22/23,1M,0,0,6,0,0,6,0,6,0,,,,,,,,,,3,52,,
106,1,oats-cc mix,8/31/23,1M,0,0,6,0,0,6,0,6,0,,,,,,,,,,3,52,,
106,1,oats-cc mix,9/8/23,1M,0,0,3,3,0,6,0,6,0,,,,,,,,,,3,52,,
106,1,oats-cc mix,9/13/23,1M,0,0,0,10,0,10,0,10,4,,,,,,,,,,3,52,,
106,1,oats-cc mix,9/22/23,1M,0,2,4,0,0,6,2,4,-4,,,,,,,,,,,,,
106,1,oats-cc mix,9/29/23,1M,0,1,3,8,0,12,1,11,6,,,,,,,,,,,,,
201,2,wheat-cc mix,5/4/23,1M,0,0,0,0,0,0,0,0,0,0,2,0,13,10,,,,,0,0,20,20
201,2,wheat-cc mix,5/16/23,1M,0,0,0,0,0,0,0,0,0,,,,,,,,,,0,0,,
201,2,wheat-cc mix,5/22/23,1M,0,0,0,0,0,0,0,0,0,,,,,,,,,,0,0,,
201,2,wheat-cc mix,5/30/23,1M,0,0,0,0,0,0,0,0,0,,,,,,,,,,0,0,,
201,2,wheat-cc mix,6/5/23,1M,0,0,0,0,0,0,0,0,0,,,,,,,,,,0,0,,
201,2,wheat-cc mix,6/13/23,1M,0,2,0,0,0,2,2,0,2,,,,,,,,,,0,2,,
201,2,wheat-cc mix,6/21/23,1M,0,0,0,0,0,0,0,0,-2,,,,,,,,,,0,2,,
201,2,wheat-cc mix,6/28/23,1M,0,0,0,0,0,0,0,0,0,,,,,,,,,,0,2,,
201,2,wheat-cc mix,7/6/23,1M,0,0,0,0,0,0,0,0,0,,,,,,,,,,0,2,,
201,2,wheat-cc mix,7/12/23,1M,0,0,0,0,0,0,0,0,0,,,,,,,,,,0,2,,
201,2,wheat-cc mix,7/18/23,1M,5,4,1,0,0,10,9,1,10,,,,,,,,,,5,6,,
201,2,wheat-cc mix,7/25/23,1M,0,9,4,0,0,13,9,4,3,,,,,,,,,,5,15,,
201,2,wheat-cc mix,7/31/23,1M,0,0,4,0,0,4,0,4,-9,,,,,,,,,,5,15,,
201,2,wheat-cc mix,8/10/23,1M,0,0,5,3,0,8,0,8,4,,,,,,,,,,5,15,,
201,2,wheat-cc mix,8/15/23,1M,0,0,7,3,0,10,0,10,2,,,,,,,,,,5,15,,
201,2,wheat-cc mix,8/22/23,1M,0,0,4,1,0,5,0,5,-5,,,,,,,,,,5,15,,
201,2,wheat-cc mix,8/31/23,1M,0,0,0,3,0,3,0,3,-2,,,,,,,,,,5,15,,
201,2,wheat-cc mix,9/8/23,1M,0,0,0,0,2,2,0,2,-1,,,,,,,,,,5,15,,
201,2,wheat-cc mix,9/13/23,1M,0,0,1,0,2,3,0,3,1,,,,,,,,,,5,15,,
201,2,wheat-cc mix,9/22/23,1M,0,0,1,0,1,2,0,2,-1,,,,,,,,,,,,,
201,2,wheat-cc mix,9/29/23,1M,0,0,0,1,1,2,0,2,0,,,,,,,,,,,,,
202,2,oats-cc mix,5/4/23,1M,0,0,0,0,0,0,0,0,0,2,6,5,13,3,,,,,0,0,50,50
202,2,oats-cc mix,5/16/23,1M,2,0,0,0,0,2,2,0,2,,,,,,,,,,2,0,,
202,2,oats-cc mix,5/22/23,1M,0,6,0,0,0,6,6,0,4,,,,,,,,,,2,6,,
202,2,oats-cc mix,5/30/23,1M,0,3,0,0,0,3,3,0,-3,,,,,,,,,,2,9,,
202,2,oats-cc mix,6/5/23,1M,0,7,0,0,0,7,7,0,4,,,,,,,,,,2,16,,
202,2,oats-cc mix,6/13/23,1M,0,6,0,0,0,6,6,0,-1,,,,,,,,,,2,22,,
202,2,oats-cc mix,6/21/23,1M,0,6,0,0,0,6,6,0,0,,,,,,,,,,2,28,,
202,2,oats-cc mix,6/28/23,1M,0,2,2,1,0,5,2,3,-1,,,,,,,,,,2,30,,
202,2,oats-cc mix,7/6/23,1M,0,0,5,2,0,7,0,7,2,,,,,,,,,,2,30,,
202,2,oats-cc mix,7/12/23,1M,0,1,5,2,0,8,1,7,1,,,,,,,,,,2,31,,
202,2,oats-cc mix,7/18/23,1M,0,4,3,6,0,13,4,9,5,,,,,,,,,,2,35,,
202,2,oats-cc mix,7/25/23,1M,0,3,8,2,0,13,3,10,0,,,,,,,,,,2,38,,
202,2,oats-cc mix,7/31/23,1M,0,7,4,2,0,13,7,6,0,,,,,,,,,,2,45,,
202,2,oats-cc mix,8/10/23,1M,0,2,13,0,0,15,2,13,2,,,,,,,,,,2,47,,
202,2,oats-cc mix,8/15/23,1M,0,0,3,0,0,3,0,3,-12,,,,,,,,,,2,47,,
202,2,oats-cc mix,8/22/23,1M,0,1,0,0,0,1,1,0,-2,,,,,,,,,,2,48,,
202,2,oats-cc mix,8/31/23,1M,0,0,1,0,0,1,0,1,0,,,,,,,,,,2,48,,
202,2,oats-cc mix,9/8/23,1M,0,0,0,2,0,2,0,2,1,,,,,,,,,,2,48,,
202,2,oats-cc mix,9/13/23,1M,0,0,0,1,0,1,0,1,-1,,,,,,,,,,2,48,,
202,2,oats-cc mix,9/22/23,1M,0,0,1,2,0,3,0,3,2,,,,,,,,,,,,,
202,2,oats-cc mix,9/29/23,1M,0,1,0,2,0,3,1,2,0,,,,,,,,,,,,,
203,2,wheat/clover,5/4/23,1M,0,0,0,0,0,0,0,0,0,0,0,3,5,10,,,,,0,0,10,10
203,2,wheat/clover,5/16/23,1M,0,0,0,0,0,0,0,0,0,,,,,,,,,,0,0,,
203,2,wheat/clover,5/22/23,1M,0,1,0,0,0,1,1,0,1,,,,,,,,,,0,1,,
203,2,wheat/clover,5/30/23,1M,0,0,0,0,0,0,0,0,-1,,,,,,,,,,0,1,,
203,2,wheat/clover,6/5/23,1M,0,0,0,0,0,0,0,0,0,,,,,,,,,,0,1,,
203,2,wheat/clover,6/13/23,1M,0,0,0,0,0,0,0,0,0,,,,,,,,,,0,1,,
203,2,wheat/clover,6/21/23,1M,0,0,0,0,0,0,0,0,0,,,,,,,,,,0,1,,
203,2,wheat/clover,6/28/23,1M,1,0,2,0,0,3,1,2,3,,,,,,,,,,1,1,,
203,2,wheat/clover,7/6/23,1M,0,0,0,0,0,0,0,0,-3,,,,,,,,,,1,1,,
203,2,wheat/clover,7/12/23,1M,0,0,0,0,0,0,0,0,0,,,,,,,,,,1,1,,
203,2,wheat/clover,7/18/23,1M,0,0,4,0,0,4,0,4,4,,,,,,,,,,1,1,,
203,2,wheat/clover,7/25/23,1M,0,3,2,0,0,5,3,2,1,,,,,,,,,,1,4,,
203,2,wheat/clover,7/31/23,1M,0,5,1,0,0,6,5,1,1,,,,,,,,,,1,9,,
203,2,wheat/clover,8/10/23,1M,0,0,7,0,0,7,0,7,1,,,,,,,,,,1,9,,
203,2,wheat/clover,8/15/23,1M,0,0,8,2,0,10,0,10,3,,,,,,,,,,1,9,,
203,2,wheat/clover,8/22/23,1M,0,0,3,0,0,3,0,3,-7,,,,,,,,,,1,9,,
203,2,wheat/clover,8/31/23,1M,0,0,1,2,0,3,0,3,0,,,,,,,,,,1,9,,
203,2,wheat/clover,9/8/23,1M,0,0,2,1,0,3,0,3,0,,,,,,,,,,1,9,,
203,2,wheat/clover,9/13/23,1M,0,0,2,1,0,3,0,3,0,,,,,,,,,,1,9,,
203,2,wheat/clover,9/22/23,1M,0,0,0,1,0,1,0,1,-2,,,,,,,,,,,,,
203,2,wheat/clover,9/29/23,1M,0,0,0,1,0,1,0,1,0,,,,,,,,,,,,,
204,2,alfalfa/oats,5/4/23,1M,0,0,0,0,0,0,0,0,0,8,5,5,6,7,,,,,0,0,52,52
204,2,alfalfa/oats,5/16/23,1M,5,3,0,0,0,8,8,0,8,,,,,,,,,,5,3,,
204,2,alfalfa/oats,5/22/23,1M,1,9,0,0,0,10,10,0,2,,,,,,,,,,6,12,,
204,2,alfalfa/oats,5/30/23,1M,0,2,0,0,0,2,2,0,-8,,,,,,,,,,6,14,,
204,2,alfalfa/oats,6/5/23,1M,0,4,0,0,0,4,4,0,2,,,,,,,,,,6,18,,
204,2,alfalfa/oats,6/13/23,1M,0,5,0,0,0,5,5,0,1,,,,,,,,,,6,23,,
204,2,alfalfa/oats,6/21/23,1M,0,5,0,0,0,5,5,0,0,,,,,,,,,,6,28,,
204,2,alfalfa/oats,6/28/23,1M,0,0,0,0,0,0,0,0,-5,,,,,,,,,,6,28,,
204,2,alfalfa/oats,7/6/23,1M,0,0,1,0,0,1,0,1,1,,,,,,,,,,6,28,,
204,2,alfalfa/oats,7/12/23,1M,0,5,1,0,0,6,5,1,5,,,,,,,,,,6,33,,
204,2,alfalfa/oats,7/18/23,1M,0,0,3,2,0,5,0,5,-1,,,,,,,,,,6,33,,
204,2,alfalfa/oats,7/25/23,1M,1,2,2,1,0,6,3,3,1,,,,,,,,,,7,35,,
204,2,alfalfa/oats,7/31/23,1M,1,2,3,1,0,7,3,4,1,,,,,,,,,,8,37,,
204,2,alfalfa/oats,8/10/23,1M,3,2,5,0,0,10,5,5,3,,,,,,,,,,11,39,,
204,2,alfalfa/oats,8/15/23,1M,0,1,6,0,0,7,1,6,-3,,,,,,,,,,11,40,,
204,2,alfalfa/oats,8/22/23,1M,0,1,2,0,0,3,1,2,-4,,,,,,,,,,11,41,,
204,2,alfalfa/oats,8/31/23,1M,0,0,3,0,0,3,0,3,0,,,,,,,,,,11,41,,
204,2,alfalfa/oats,9/8/23,1M,0,0,2,0,0,2,0,2,-1,,,,,,,,,,11,41,,
204,2,alfalfa/oats,9/13/23,1M,0,0,1,0,0,1,0,1,-1,,,,,,,,,,11,41,,
204,2,alfalfa/oats,9/22/23,1M,0,0,0,0,0,0,0,0,-1,,,,,,,,,,,,,
204,2,alfalfa/oats,9/29/23,1M,0,0,0,0,0,0,0,0,0,,,,,,,,,,,,,
205,2,alfalfa/orchardgrass,5/4/23,1M,0,0,0,0,0,0,0,0,0,7,13,17,7,8,,,,,0,0,59,59
205,2,alfalfa/orchardgrass,5/16/23,1M,6,1,0,0,0,7,7,0,7,,,,,,,,,,6,1,,
205,2,alfalfa/orchardgrass,5/22/23,1M,0,7,0,0,0,7,7,0,0,,,,,,,,,,6,8,,
205,2,alfalfa/orchardgrass,5/30/23,1M,1,11,0,0,0,12,12,0,5,,,,,,,,,,7,19,,
205,2,alfalfa/orchardgrass,6/5/23,1M,0,4,1,0,0,5,4,1,-7,,,,,,,,,,7,23,,
205,2,alfalfa/orchardgrass,6/13/23,1M,0,6,7,0,0,13,6,7,8,,,,,,,,,,7,29,,
205,2,alfalfa/orchardgrass,6/21/23,1M,0,0,10,2,0,12,0,12,-1,,,,,,,,,,7,29,,
205,2,alfalfa/orchardgrass,6/28/23,1M,0,12,5,0,0,17,12,5,5,,,,,,,,,,7,41,,
205,2,alfalfa/orchardgrass,7/6/23,1M,0,0,4,7,2,13,0,13,-4,,,,,,,,,,7,41,,
205,2,alfalfa/orchardgrass,7/12/23,1M,0,0,5,1,0,6,0,6,-7,,,,,,,,,,7,41,,
205,2,alfalfa/orchardgrass,7/18/23,1M,0,0,7,1,0,8,0,8,2,,,,,,,,,,7,41,,
205,2,alfalfa/orchardgrass,7/25/23,1M,0,1,5,1,0,7,1,6,-1,,,,,,,,,,7,42,,
205,2,alfalfa/orchardgrass,7/31/23,1M,0,5,5,1,0,11,5,6,4,,,,,,,,,,7,47,,
205,2,alfalfa/orchardgrass,8/10/23,1M,0,2,7,1,0,10,2,8,-1,,,,,,,,,,7,49,,
205,2,alfalfa/orchardgrass,8/15/23,1M,0,0,7,1,0,8,0,8,-2,,,,,,,,,,7,49,,
205,2,alfalfa/orchardgrass,8/22/23,1M,0,2,5,0,0,7,2,5,-1,,,,,,,,,,7,51,,
205,2,alfalfa/orchardgrass,8/31/23,1M,0,1,14,0,0,15,1,14,8,,,,,,,,,,7,52,,
205,2,alfalfa/orchardgrass,9/8/23,1M,0,0,14,0,0,14,0,14,-1,,,,,,,,,,7,52,,
205,2,alfalfa/orchardgrass,9/13/23,1M,0,0,9,5,0,14,0,14,0,,,,,,,,,,7,52,,
205,2,alfalfa/orchardgrass,9/22/23,1M,0,3,4,0,0,7,3,4,-7,,,,,,,,,,,,,
205,2,alfalfa/orchardgrass,9/29/23,1M,0,0,7,0,0,7,0,7,0,,,,,,,,,,,,,
206,2,ryelage-sorghum sudangrass,5/4/23,1M,0,0,0,0,0,0,0,0,0,1,0,26,41,47,,,,,0,0,47,47
206,2,ryelage-sorghum sudangrass,5/16/23,1M,0,1,0,0,0,1,1,0,1,,,,,,,,,,0,1,,
206,2,ryelage-sorghum sudangrass,5/22/23,1M,0,0,0,0,0,0,0,0,-1,,,,,,,,,,0,1,,
206,2,ryelage-sorghum sudangrass,5/30/23,1M,0,0,0,0,0,0,0,0,0,,,,,,,,,,0,1,,
206,2,ryelage-sorghum sudangrass,6/5/23,1M,0,0,0,0,0,0,0,0,0,,,,,,,,,,0,1,,
206,2,ryelage-sorghum sudangrass,6/13/23,1M,0,0,0,0,0,0,0,0,0,,,,,,,,,,0,1,,
206,2,ryelage-sorghum sudangrass,6/21/23,1M,0,0,0,0,0,0,0,0,0,,,,,,,,,,0,1,,
206,2,ryelage-sorghum sudangrass,6/28/23,1M,0,26,0,0,0,26,26,0,26,,,,,,,,,,0,27,,
206,2,ryelage-sorghum sudangrass,7/6/23,1M,0,0,20,7,0,27,0,27,1,,,,,,,,,,0,27,,
206,2,ryelage-sorghum sudangrass,7/12/23,1M,0,9,12,14,0,35,9,26,8,,,,,,,,,,0,36,,
206,2,ryelage-sorghum sudangrass,7/18/23,1M,0,0,19,8,6,33,0,33,-2,,,,,,,,,,0,36,,
206,2,ryelage-sorghum sudangrass,7/25/23,1M,0,4,10,23,4,41,4,37,8,,,,,,,,,,0,40,,
206,2,ryelage-sorghum sudangrass,7/31/23,1M,0,4,15,19,5,43,4,39,2,,,,,,,,,,0,44,,
206,2,ryelage-sorghum sudangrass,8/10/23,1M,0,0,18,22,6,46,0,46,3,,,,,,,,,,0,44,,
206,2,ryelage-sorghum sudangrass,8/15/23,1M,0,0,15,25,7,47,0,47,1,,,,,,,,,,0,44,,
206,2,ryelage-sorghum sudangrass,8/22/23,1M,0,3,7,0,0,10,3,7,-37,,,,,,,,,,0,47,,
206,2,ryelage-sorghum sudangrass,8/31/23,1M,0,0,10,0,0,10,0,10,0,,,,,,,,,,0,47,,
206,2,ryelage-sorghum sudangrass,9/8/23,1M,0,0,3,6,0,9,0,9,-1,,,,,,,,,,0,47,,
206,2,ryelage-sorghum sudangrass,9/13/23,1M,0,0,2,6,0,8,0,8,-1,,,,,,,,,,0,47,,
206,2,ryelage-sorghum sudangrass,9/22/23,1M,0,5,6,0,0,11,5,6,3,,,,,,,,,,,,,
206,2,ryelage-sorghum sudangrass,9/29/23,1M,0,0,6,1,0,7,0,7,-4,,,,,,,,,,,,,
301,3,alfalfa/oats,5/4/23,1M,0,0,0,0,0,0,0,0,0,0,5,7,6,8,,,,,0,0,74,74
301,3,alfalfa/oats,5/16/23,1M,0,0,0,0,0,0,0,0,0,,,,,,,,,,0,0,,
301,3,alfalfa/oats,5/22/23,1M,1,15,0,0,0,16,16,0,16,,,,,,,,,,1,15,,
301,3,alfalfa/oats,5/30/23,1M,2,14,0,0,0,16,16,0,0,,,,,,,,,,3,29,,
301,3,alfalfa/oats,6/5/23,1M,0,11,4,0,0,15,11,4,-1,,,,,,,,,,3,40,,
301,3,alfalfa/oats,6/13/23,1M,0,5,0,0,0,5,5,0,-10,,,,,,,,,,3,45,,
301,3,alfalfa/oats,6/21/23,1M,0,6,3,0,0,9,6,3,4,,,,,,,,,,3,51,,
301,3,alfalfa/oats,6/28/23,1M,0,5,2,0,0,7,5,2,-2,,,,,,,,,,3,56,,
301,3,alfalfa/oats,7/6/23,1M,0,0,3,3,0,6,0,6,-1,,,,,,,,,,3,56,,
301,3,alfalfa/oats,7/12/23,1M,0,1,2,0,0,3,1,2,-3,,,,,,,,,,3,57,,
301,3,alfalfa/oats,7/18/23,1M,0,3,3,0,0,6,3,3,3,,,,,,,,,,3,60,,
301,3,alfalfa/oats,7/25/23,1M,1,2,2,1,0,6,3,3,0,,,,,,,,,,4,62,,
301,3,alfalfa/oats,7/31/23,1M,0,4,4,1,0,9,4,5,3,,,,,,,,,,4,66,,
301,3,alfalfa/oats,8/10/23,1M,0,2,3,5,0,10,2,8,1,,,,,,,,,,4,68,,
301,3,alfalfa/oats,8/15/23,1M,0,0,3,5,0,8,0,8,-2,,,,,,,,,,4,68,,
301,3,alfalfa/oats,8/22/23,1M,0,0,10,0,0,10,0,10,2,,,,,,,,,,4,68,,
301,3,alfalfa/oats,8/31/23,1M,1,1,4,0,0,6,2,4,-4,,,,,,,,,,5,69,,
301,3,alfalfa/oats,9/8/23,1M,0,0,1,5,0,6,0,6,0,,,,,,,,,,5,69,,
301,3,alfalfa/oats,9/13/23,1M,0,0,2,6,0,8,0,8,2,,,,,,,,,,5,69,,
301,3,alfalfa/oats,9/22/23,1M,0,0,1,2,2,5,0,5,-3,,,,,,,,,,,,,
301,3,alfalfa/oats,9/29/23,1M,0,1,4,0,0,5,1,4,0,,,,,,,,,,,,,
302,3,wheat-cc mix,5/4/23,1M,0,0,0,0,0,0,0,0,0,8,0,0,15,11,,,,,0,0,27,27
302,3,wheat-cc mix,5/16/23,1M,5,3,0,0,0,8,8,0,8,,,,,,,,,,5,3,,
302,3,wheat-cc mix,5/22/23,1M,0,0,0,0,0,0,0,0,-8,,,,,,,,,,5,3,,
302,3,wheat-cc mix,5/30/23,1M,0,0,0,0,0,0,0,0,0,,,,,,,,,,5,3,,
302,3,wheat-cc mix,6/5/23,1M,0,0,0,0,0,0,0,0,0,,,,,,,,,,5,3,,
302,3,wheat-cc mix,6/13/23,1M,0,0,0,0,0,0,0,0,0,,,,,,,,,,5,3,,
302,3,wheat-cc mix,6/21/23,1M,0,0,0,0,0,0,0,0,0,,,,,,,,,,5,3,,
302,3,wheat-cc mix,6/28/23,1M,0,0,0,0,0,0,0,0,0,,,,,,,,,,5,3,,
302,3,wheat-cc mix,7/6/23,1M,0,0,0,0,0,0,0,0,0,,,,,,,,,,5,3,,
302,3,wheat-cc mix,7/12/23,1M,0,0,0,0,0,0,0,0,0,,,,,,,,,,5,3,,
302,3,wheat-cc mix,7/18/23,1M,0,0,0,0,0,0,0,0,0,,,,,,,,,,5,3,,
302,3,wheat-cc mix,7/25/23,1M,0,12,3,0,0,15,12,3,15,,,,,,,,,,5,15,,
302,3,wheat-cc mix,7/31/23,1M,0,4,1,3,0,8,4,4,-7,,,,,,,,,,5,19,,
302,3,wheat-cc mix,8/10/23,1M,0,3,5,3,0,11,3,8,3,,,,,,,,,,5,22,,
302,3,wheat-cc mix,8/15/23,1M,0,0,3,8,0,11,0,11,0,,,,,,,,,,5,22,,
302,3,wheat-cc mix,8/22/23,1M,0,0,2,1,0,3,0,3,-8,,,,,,,,,,5,22,,
302,3,wheat-cc mix,8/31/23,1M,0,0,2,1,0,3,0,3,0,,,,,,,,,,5,22,,
302,3,wheat-cc mix,9/8/23,1M,0,0,0,5,3,8,0,8,5,,,,,,,,,,5,22,,
302,3,wheat-cc mix,9/13/23,1M,0,0,13,7,3,23,0,23,15,,,,,,,,,,5,22,,
302,3,wheat-cc mix,9/22/23,1M,0,0,1,5,0,6,0,6,-17,,,,,,,,,,,,,
302,3,wheat-cc mix,9/29/23,1M,0,0,1,6,0,7,0,7,1,,,,,,,,,,,,,
303,3,alfalfa/orchardgrass,5/4/23,1M,0,0,0,0,0,0,0,0,0,5,37,42,24,16,,,,,0,0,139,139
303,3,alfalfa/orchardgrass,5/16/23,1M,2,3,0,0,0,5,5,0,5,,,,,,,,,,2,3,,
303,3,alfalfa/orchardgrass,5/22/23,1M,0,21,0,0,0,21,21,0,16,,,,,,,,,,2,24,,
303,3,alfalfa/orchardgrass,5/30/23,1M,0,8,0,0,0,8,8,0,-13,,,,,,,,,,2,32,,
303,3,alfalfa/orchardgrass,6/5/23,1M,0,6,5,0,0,11,6,5,3,,,,,,,,,,2,38,,
303,3,alfalfa/orchardgrass,6/13/23,1M,0,30,7,0,0,37,30,7,26,,,,,,,,,,2,68,,
303,3,alfalfa/orchardgrass,6/21/23,1M,0,15,24,5,0,44,15,29,7,,,,,,,,,,2,83,,
303,3,alfalfa/orchardgrass,6/28/23,1M,0,9,19,12,2,42,9,33,-2,,,,,,,,,,2,92,,
303,3,alfalfa/orchardgrass,7/6/23,1M,0,8,13,14,5,40,8,32,-2,,,,,,,,,,2,100,,
303,3,alfalfa/orchardgrass,7/12/23,1M,0,10,9,0,0,19,10,9,-21,,,,,,,,,,2,110,,
303,3,alfalfa/orchardgrass,7/18/23,1M,0,11,15,0,0,26,11,15,7,,,,,,,,,,2,121,,
303,3,alfalfa/orchardgrass,7/25/23,1M,0,4,16,4,0,24,4,20,-2,,,,,,,,,,2,125,,
303,3,alfalfa/orchardgrass,7/31/23,1M,0,9,8,11,1,29,9,20,5,,,,,,,,,,2,134,,
303,3,alfalfa/orchardgrass,8/10/23,1M,0,0,3,12,4,19,0,19,-10,,,,,,,,,,2,134,,
303,3,alfalfa/orchardgrass,8/15/23,1M,0,0,8,4,4,16,0,16,-3,,,,,,,,,,2,134,,
303,3,alfalfa/orchardgrass,8/22/23,1M,0,2,10,0,0,12,2,10,-4,,,,,,,,,,2,136,,
303,3,alfalfa/orchardgrass,8/31/23,1M,0,0,23,0,0,23,0,23,11,,,,,,,,,,2,136,,
303,3,alfalfa/orchardgrass,9/8/23,1M,0,1,20,0,0,21,1,20,-2,,,,,,,,,,2,137,,
303,3,alfalfa/orchardgrass,9/13/23,1M,0,0,5,0,0,5,0,5,-16,,,,,,,,,,2,137,,
303,3,alfalfa/orchardgrass,9/22/23,1M,0,0,5,1,0,6,0,6,1,,,,,,,,,,,,,
303,3,alfalfa/orchardgrass,9/29/23,1M,0,0,5,0,0,5,0,5,-1,,,,,,,,,,,,,
304,3,ryelage-sorghum sudangrass,5/4/23,1M,0,0,0,0,0,0,0,0,0,3,0,16,21,40,,,,,0,0,34,34
304,3,ryelage-sorghum sudangrass,5/16/23,1M,3,0,0,0,0,3,3,0,3,,,,,,,,,,3,0,,
304,3,ryelage-sorghum sudangrass,5/22/23,1M,0,22,0,0,0,22,22,0,19,,,,,,,,,,3,22,,
304,3,ryelage-sorghum sudangrass,5/30/23,1M,0,0,0,0,0,0,0,0,-22,,,,,,,,,,3,22,,
304,3,ryelage-sorghum sudangrass,6/5/23,1M,0,0,0,0,0,0,0,0,0,,,,,,,,,,3,22,,
304,3,ryelage-sorghum sudangrass,6/13/23,1M,0,0,0,0,0,0,0,0,0,,,,,,,,,,3,22,,
304,3,ryelage-sorghum sudangrass,6/21/23,1M,0,0,0,0,0,0,0,0,0,,,,,,,,,,3,22,,
304,3,ryelage-sorghum sudangrass,6/28/23,1M,0,0,16,0,0,16,0,16,16,,,,,,,,,,3,22,,
304,3,ryelage-sorghum sudangrass,7/6/23,1M,0,0,24,2,0,26,0,26,10,,,,,,,,,,3,22,,
304,3,ryelage-sorghum sudangrass,7/12/23,1M,0,0,23,4,0,27,0,27,1,,,,,,,,,,3,22,,
304,3,ryelage-sorghum sudangrass,7/18/23,1M,0,5,10,7,1,23,5,18,-4,,,,,,,,,,3,27,,
304,3,ryelage-sorghum sudangrass,7/25/23,1M,0,1,4,13,3,21,1,20,-2,,,,,,,,,,3,28,,
304,3,ryelage-sorghum sudangrass,7/31/23,1M,0,2,4,10,12,28,2,26,7,,,,,,,,,,3,30,,
304,3,ryelage-sorghum sudangrass,8/10/23,1M,0,0,4,11,19,34,0,34,6,,,,,,,,,,3,30,,
304,3,ryelage-sorghum sudangrass,8/15/23,1M,0,0,6,13,21,40,0,40,6,,,,,,,,,,3,30,,
304,3,ryelage-sorghum sudangrass,8/22/23,1M,0,0,9,0,0,9,0,9,-31,,,,,,,,,,3,30,,
304,3,ryelage-sorghum sudangrass,8/31/23,1M,0,0,8,0,0,8,0,8,-1,,,,,,,,,,3,30,,
304,3,ryelage-sorghum sudangrass,9/8/23,1M,0,1,6,0,0,7,1,6,-1,,,,,,,,,,3,31,,
304,3,ryelage-sorghum sudangrass,9/13/23,1M,0,0,4,2,0,6,0,6,-1,,,,,,,,,,3,31,,
304,3,ryelage-sorghum sudangrass,9/22/23,1M,0,0,5,1,0,6,0,6,0,,,,,,,,,,,,,
304,3,ryelage-sorghum sudangrass,9/29/23,1M,0,1,7,1,0,9,1,8,3,,,,,,,,,,,,,
305,3,oats-cc mix,5/4/23,1M,0,0,0,0,0,0,0,0,0,8,2,1,7,5,,,,,0,0,43,43
305,3,oats-cc mix,5/16/23,1M,4,4,0,0,0,8,8,0,8,,,,,,,,,,4,4,,
305,3,oats-cc mix,5/22/23,1M,0,15,0,0,0,15,15,0,7,,,,,,,,,,4,19,,
305,3,oats-cc mix,5/30/23,1M,0,0,0,0,0,0,0,0,-15,,,,,,,,,,4,19,,
305,3,oats-cc mix,6/5/23,1M,0,2,0,0,0,2,2,0,2,,,,,,,,,,4,21,,
305,3,oats-cc mix,6/13/23,1M,0,2,0,0,0,2,2,0,0,,,,,,,,,,4,23,,
305,3,oats-cc mix,6/21/23,1M,0,1,0,0,0,1,1,0,-1,,,,,,,,,,4,24,,
305,3,oats-cc mix,6/28/23,1M,0,0,1,0,0,1,0,1,0,,,,,,,,,,4,24,,
305,3,oats-cc mix,7/6/23,1M,0,0,1,0,0,1,0,1,0,,,,,,,,,,4,24,,
305,3,oats-cc mix,7/12/23,1M,0,0,1,0,0,1,0,1,0,,,,,,,,,,4,24,,
305,3,oats-cc mix,7/18/23,1M,0,1,1,0,0,2,1,1,1,,,,,,,,,,4,25,,
305,3,oats-cc mix,7/25/23,1M,0,6,1,0,0,7,6,1,5,,,,,,,,,,4,31,,
305,3,oats-cc mix,7/31/23,1M,1,3,1,0,0,5,4,1,-2,,,,,,,,,,5,34,,
305,3,oats-cc mix,8/10/23,1M,0,0,5,0,0,5,0,5,0,,,,,,,,,,5,34,,
305,3,oats-cc mix,8/15/23,1M,0,1,4,0,0,5,1,4,0,,,,,,,,,,5,35,,
305,3,oats-cc mix,8/22/23,1M,0,2,1,0,0,3,2,1,-2,,,,,,,,,,5,37,,
305,3,oats-cc mix,8/31/23,1M,0,1,1,2,0,4,1,3,1,,,,,,,,,,5,38,,
305,3,oats-cc mix,9/8/23,1M,0,0,1,2,1,4,0,4,0,,,,,,,,,,5,38,,
305,3,oats-cc mix,9/13/23,1M,0,0,0,3,1,4,0,4,0,,,,,,,,,,5,38,,
305,3,oats-cc mix,9/22/23,1M,0,0,0,3,1,4,0,4,0,,,,,,,,,,,,,
305,3,oats-cc mix,9/29/23,1M,0,0,2,1,1,4,0,4,0,,,,,,,,,,,,,
306,3,wheat/clover,5/4/23,1M,0,0,0,0,0,0,0,0,0,0,0,0,4,4,,,,,0,0,8,8
306,3,wheat/clover,5/16/23,1M,0,0,0,0,0,0,0,0,0,,,,,,,,,,0,0,,
306,3,wheat/clover,5/22/23,1M,0,0,0,0,0,0,0,0,0,,,,,,,,,,0,0,,
306,3,wheat/clover,5/30/23,1M,0,0,0,0,0,0,0,0,0,,,,,,,,,,0,0,,
306,3,wheat/clover,6/5/23,1M,0,1,0,0,0,1,1,0,1,,,,,,,,,,0,1,,
306,3,wheat/clover,6/13/23,1M,0,0,0,0,0,0,0,0,-1,,,,,,,,,,0,1,,
306,3,wheat/clover,6/21/23,1M,0,0,0,0,0,0,0,0,0,,,,,,,,,,0,1,,
306,3,wheat/clover,6/28/23,1M,0,0,0,0,0,0,0,0,0,,,,,,,,,,0,1,,
306,3,wheat/clover,7/6/23,1M,0,0,0,0,0,0,0,0,0,,,,,,,,,,0,1,,
306,3,wheat/clover,7/12/23,1M,0,0,0,0,0,0,0,0,0,,,,,,,,,,0,1,,
306,3,wheat/clover,7/18/23,1M,0,0,0,0,0,0,0,0,0,,,,,,,,,,0,1,,
306,3,wheat/clover,7/25/23,1M,0,2,1,1,0,4,2,2,4,,,,,,,,,,0,3,,
306,3,wheat/clover,7/31/23,1M,0,2,0,0,0,2,2,0,-2,,,,,,,,,,0,5,,
306,3,wheat/clover,8/10/23,1M,0,0,4,0,0,4,0,4,2,,,,,,,,,,0,5,,
306,3,wheat/clover,8/15/23,1M,0,3,1,0,0,4,3,1,0,,,,,,,,,,0,8,,
306,3,wheat/clover,8/22/23,1M,0,0,0,4,0,4,0,4,0,,,,,,,,,,0,8,,
306,3,wheat/clover,8/31/23,1M,0,0,2,0,0,2,0,2,-2,,,,,,,,,,0,8,,
306,3,wheat/clover,9/8/23,1M,0,0,1,0,0,1,0,1,-1,,,,,,,,,,0,8,,
306,3,wheat/clover,9/13/23,1M,0,0,0,0,0,0,0,0,-1,,,,,,,,,,0,8,,
306,3,wheat/clover,9/22/23,1M,0,0,0,0,0,0,0,0,0,,,,,,,,,,,,,
306,3,wheat/clover,9/29/23,1M,0,0,0,0,0,0,0,0,0,,,,,,,,,,,,,
401,4,ryelage-sorghum sudangrass,5/4/23,1M,0,0,0,0,0,0,0,0,0,0,0,34,64,68,,,,,0,0,86,86
401,4,ryelage-sorghum sudangrass,5/16/23,1M,0,0,0,0,0,0,0,0,0,,,,,,,,,,0,0,,
401,4,ryelage-sorghum sudangrass,5/22/23,1M,0,2,0,0,0,2,2,0,2,,,,,,,,,,0,2,,
401,4,ryelage-sorghum sudangrass,5/30/23,1M,0,0,0,0,0,0,0,0,-2,,,,,,,,,,0,2,,
401,4,ryelage-sorghum sudangrass,6/5/23,1M,0,0,0,0,0,0,0,0,0,,,,,,,,,,0,2,,
401,4,ryelage-sorghum sudangrass,6/13/23,1M,0,0,0,0,0,0,0,0,0,,,,,,,,,,0,2,,
401,4,ryelage-sorghum sudangrass,6/21/23,1M,0,0,0,0,0,0,0,0,0,,,,,,,,,,0,2,,
401,4,ryelage-sorghum sudangrass,6/28/23,1M,4,30,0,0,0,34,34,0,34,,,,,,,,,,4,32,,
401,4,ryelage-sorghum sudangrass,7/6/23,1M,0,0,32,3,0,35,0,35,1,,,,,,,,,,4,32,,
401,4,ryelage-sorghum sudangrass,7/12/23,1M,0,20,23,3,0,46,20,26,11,,,,,,,,,,4,52,,
401,4,ryelage-sorghum sudangrass,7/18/23,1M,0,19,24,3,0,46,19,27,0,,,,,,,,,,4,71,,
401,4,ryelage-sorghum sudangrass,7/25/23,1M,0,5,9,42,8,64,5,59,18,,,,,,,,,,4,76,,
401,4,ryelage-sorghum sudangrass,7/31/23,1M,0,6,7,30,22,65,6,59,1,,,,,,,,,,4,82,,
401,4,ryelage-sorghum sudangrass,8/10/23,1M,0,0,10,26,27,63,0,63,-2,,,,,,,,,,4,82,,
401,4,ryelage-sorghum sudangrass,8/15/23,1M,0,0,12,27,29,68,0,68,5,,,,,,,,,,4,82,,
401,4,ryelage-sorghum sudangrass,8/22/23,1M,0,0,2,2,0,4,0,4,-64,,,,,,,,,,4,82,,
401,4,ryelage-sorghum sudangrass,8/31/23,1M,0,0,1,2,0,3,0,3,-1,,,,,,,,,,4,82,,
401,4,ryelage-sorghum sudangrass,9/8/23,1M,0,0,3,0,0,3,0,3,0,,,,,,,,,,4,82,,
401,4,ryelage-sorghum sudangrass,9/13/23,1M,0,0,0,2,0,2,0,2,-1,,,,,,,,,,4,82,,
401,4,ryelage-sorghum sudangrass,9/22/23,1M,0,1,4,1,0,6,1,5,4,,,,,,,,,,,,,
401,4,ryelage-sorghum sudangrass,9/29/23,1M,0,0,0,3,0,3,0,3,-3,,,,,,,,,,,,,
402,4,wheat/clover,5/4/23,1M,0,0,0,0,0,0,0,0,0,2,0,0,7,7,,,,,0,0,13,13
402,4,wheat/clover,5/16/23,1M,0,2,0,0,0,2,2,0,2,,,,,,,,,,0,2,,
402,4,wheat/clover,5/22/23,1M,0,0,0,0,0,0,0,0,-2,,,,,,,,,,0,2,,
402,4,wheat/clover,5/30/23,1M,0,0,0,0,0,0,0,0,0,,,,,,,,,,0,2,,
402,4,wheat/clover,6/5/23,1M,0,0,0,0,0,0,0,0,0,,,,,,,,,,0,2,,
402,4,wheat/clover,6/13/23,1M,0,0,0,0,0,0,0,0,0,,,,,,,,,,0,2,,
402,4,wheat/clover,6/21/23,1M,0,0,0,0,0,0,0,0,0,,,,,,,,,,0,2,,
402,4,wheat/clover,6/28/23,1M,0,0,0,0,0,0,0,0,0,,,,,,,,,,0,2,,
402,4,wheat/clover,7/6/23,1M,0,0,0,0,0,0,0,0,0,,,,,,,,,,0,2,,
402,4,wheat/clover,7/12/23,1M,0,0,0,0,0,0,0,0,0,,,,,,,,,,0,2,,
402,4,wheat/clover,7/18/23,1M,0,0,0,0,0,0,0,0,0,,,,,,,,,,0,2,,
402,4,wheat/clover,7/25/23,1M,0,4,3,0,0,7,4,3,7,,,,,,,,,,0,6,,
402,4,wheat/clover,7/31/23,1M,0,5,1,1,0,7,5,2,0,,,,,,,,,,0,11,,
402,4,wheat/clover,8/10/23,1M,0,0,3,4,0,7,0,7,0,,,,,,,,,,0,11,,
402,4,wheat/clover,8/15/23,1M,0,0,3,4,0,7,0,7,0,,,,,,,,,,0,11,,
402,4,wheat/clover,8/22/23,1M,0,0,1,0,0,1,0,1,-6,,,,,,,,,,0,11,,
402,4,wheat/clover,8/31/23,1M,0,1,2,0,0,3,1,2,2,,,,,,,,,,0,12,,
402,4,wheat/clover,9/8/23,1M,0,1,2,0,0,3,1,2,0,,,,,,,,,,0,13,,
402,4,wheat/clover,9/13/23,1M,0,0,3,0,0,3,0,3,0,,,,,,,,,,0,13,,
402,4,wheat/clover,9/22/23,1M,0,0,0,0,0,0,0,0,-3,,,,,,,,,,,,,
402,4,wheat/clover,9/29/23,1M,0,0,0,0,0,0,0,0,0,,,,,,,,,,,,,
403,4,oats-cc mix,5/4/23,1M,0,0,0,0,0,0,0,0,0,0,4,0,4,3,,,,,0,0,17,17
403,4,oats-cc mix,5/16/23,1M,0,0,0,0,0,0,0,0,0,,,,,,,,,,0,0,,
403,4,oats-cc mix,5/22/23,1M,0,0,0,0,0,0,0,0,0,,,,,,,,,,0,0,,
403,4,oats-cc mix,5/30/23,1M,0,2,0,0,0,2,2,0,2,,,,,,,,,,0,2,,
403,4,oats-cc mix,6/5/23,1M,0,0,0,0,0,0,0,0,-2,,,,,,,,,,0,2,,
403,4,oats-cc mix,6/13/23,1M,0,4,0,0,0,4,4,0,4,,,,,,,,,,0,6,,
403,4,oats-cc mix,6/21/23,1M,0,0,0,0,0,0,0,0,-4,,,,,,,,,,0,6,,
403,4,oats-cc mix,6/28/23,1M,0,0,0,0,0,0,0,0,0,,,,,,,,,,0,6,,
403,4,oats-cc mix,7/6/23,1M,0,0,0,0,0,0,0,0,0,,,,,,,,,,0,6,,
403,4,oats-cc mix,7/12/23,1M,0,0,0,0,0,0,0,0,0,,,,,,,,,,0,6,,
403,4,oats-cc mix,7/18/23,1M,0,0,0,0,0,0,0,0,0,,,,,,,,,,0,6,,
403,4,oats-cc mix,7/25/23,1M,0,4,0,0,0,4,4,0,4,,,,,,,,,,0,10,,
403,4,oats-cc mix,7/31/23,1M,0,5,0,0,0,5,5,0,1,,,,,,,,,,0,15,,
403,4,oats-cc mix,8/10/23,1M,0,1,4,0,0,5,1,4,0,,,,,,,,,,0,16,,
403,4,oats-cc mix,8/15/23,1M,0,1,2,0,0,3,1,2,-2,,,,,,,,,,0,17,,
403,4,oats-cc mix,8/22/23,1M,0,0,0,1,0,1,0,1,-2,,,,,,,,,,0,17,,
403,4,oats-cc mix,8/31/23,1M,0,0,1,0,0,1,0,1,0,,,,,,,,,,0,17,,
403,4,oats-cc mix,9/8/23,1M,0,0,1,0,0,1,0,1,0,,,,,,,,,,0,17,,
403,4,oats-cc mix,9/13/23,1M,0,0,0,0,0,0,0,0,-1,,,,,,,,,,0,17,,
403,4,oats-cc mix,9/22/23,1M,0,0,0,0,0,0,0,0,0,,,,,,,,,,,,,
403,4,oats-cc mix,9/29/23,1M,0,1,0,0,0,1,1,0,1,,,,,,,,,,,,,
404,4,alfalfa/orchardgrass,5/4/23,1M,0,0,0,0,0,0,0,0,0,5,0,15,17,22,,,,,0,0,63,63
404,4,alfalfa/orchardgrass,5/16/23,1M,3,2,0,0,0,5,5,0,5,,,,,,,,,,3,2,,
404,4,alfalfa/orchardgrass,5/22/23,1M,1,4,0,0,0,5,5,0,0,,,,,,,,,,4,6,,
404,4,alfalfa/orchardgrass,5/30/23,1M,0,0,0,0,0,0,0,0,-5,,,,,,,,,,4,6,,
404,4,alfalfa/orchardgrass,6/5/23,1M,0,1,0,0,0,1,1,0,1,,,,,,,,,,4,7,,
404,4,alfalfa/orchardgrass,6/13/23,1M,0,0,0,0,0,0,0,0,-1,,,,,,,,,,4,7,,
404,4,alfalfa/orchardgrass,6/21/23,1M,0,9,0,0,0,9,9,0,9,,,,,,,,,,4,16,,
404,4,alfalfa/orchardgrass,6/28/23,1M,2,3,10,0,0,15,5,10,6,,,,,,,,,,6,19,,
404,4,alfalfa/orchardgrass,7/6/23,1M,0,2,4,6,2,14,2,12,-1,,,,,,,,,,6,21,,
404,4,alfalfa/orchardgrass,7/12/23,1M,0,9,5,1,0,15,9,6,1,,,,,,,,,,6,30,,
404,4,alfalfa/orchardgrass,7/18/23,1M,0,8,5,1,8,22,8,14,7,,,,,,,,,,6,38,,
404,4,alfalfa/orchardgrass,7/25/23,1M,2,5,8,2,0,17,7,10,-5,,,,,,,,,,8,43,,
404,4,alfalfa/orchardgrass,7/31/23,1M,1,5,11,1,0,18,6,12,1,,,,,,,,,,9,48,,
404,4,alfalfa/orchardgrass,8/10/23,1M,0,4,10,8,0,22,4,18,4,,,,,,,,,,9,52,,
404,4,alfalfa/orchardgrass,8/15/23,1M,0,2,11,9,0,22,2,20,0,,,,,,,,,,9,54,,
404,4,alfalfa/orchardgrass,8/22/23,1M,0,0,5,2,0,7,0,7,-15,,,,,,,,,,9,54,,
404,4,alfalfa/orchardgrass,8/31/23,1M,0,0,8,0,0,8,0,8,1,,,,,,,,,,9,54,,
404,4,alfalfa/orchardgrass,9/8/23,1M,0,0,5,2,0,7,0,7,-1,,,,,,,,,,9,54,,
404,4,alfalfa/orchardgrass,9/13/23,1M,0,0,6,1,0,7,0,7,0,,,,,,,,,,9,54,,
404,4,alfalfa/orchardgrass,9/22/23,1M,0,0,0,0,0,0,0,0,-7,,,,,,,,,,,,,
404,4,alfalfa/orchardgrass,9/29/23,1M,0,0,2,0,0,2,0,2,2,,,,,,,,,,,,,
405,4,wheat-cc mix,5/4/23,1M,0,0,0,0,0,0,0,0,0,0,0,0,11,9,,,,,0,0,43,43
405,4,wheat-cc mix,5/16/23,1M,0,0,0,0,0,0,0,0,0,,,,,,,,,,0,0,,
405,4,wheat-cc mix,5/22/23,1M,0,2,0,0,0,2,2,0,2,,,,,,,,,,0,2,,
405,4,wheat-cc mix,5/30/23,1M,0,0,0,0,0,0,0,0,-2,,,,,,,,,,0,2,,
405,4,wheat-cc mix,6/5/23,1M,0,0,0,0,0,0,0,0,0,,,,,,,,,,0,2,,
405,4,wheat-cc mix,6/13/23,1M,0,0,0,0,0,0,0,0,0,,,,,,,,,,0,2,,
405,4,wheat-cc mix,6/21/23,1M,0,0,0,0,0,0,0,0,0,,,,,,,,,,0,2,,
405,4,wheat-cc mix,6/28/23,1M,0,0,0,0,0,0,0,0,0,,,,,,,,,,0,2,,
405,4,wheat-cc mix,7/6/23,1M,0,0,0,0,0,0,0,0,0,,,,,,,,,,0,2,,
405,4,wheat-cc mix,7/12/23,1M,0,8,0,0,0,8,8,0,8,,,,,,,,,,0,10,,
405,4,wheat-cc mix,7/18/23,1M,2,7,0,0,0,9,9,0,1,,,,,,,,,,2,17,,
405,4,wheat-cc mix,7/25/23,1M,0,6,4,1,0,11,6,5,2,,,,,,,,,,2,23,,
405,4,wheat-cc mix,7/31/23,1M,0,6,4,0,0,10,6,4,-1,,,,,,,,,,2,29,,
405,4,wheat-cc mix,8/10/23,1M,0,6,4,0,0,10,6,4,0,,,,,,,,,,2,35,,
405,4,wheat-cc mix,8/15/23,1M,0,5,3,1,0,9,5,4,-1,,,,,,,,,,2,40,,
405,4,wheat-cc mix,8/22/23,1M,0,0,3,1,0,4,0,4,-5,,,,,,,,,,2,40,,
405,4,wheat-cc mix,8/31/23,1M,0,1,3,1,1,6,1,5,2,,,,,,,,,,2,41,,
405,4,wheat-cc mix,9/8/23,1M,0,0,0,7,0,7,0,7,1,,,,,,,,,,2,41,,
405,4,wheat-cc mix,9/13/23,1M,0,0,5,2,0,7,0,7,0,,,,,,,,,,2,41,,
405,4,wheat-cc mix,9/22/23,1M,0,0,1,3,0,4,0,4,-3,,,,,,,,,,,,,
405,4,wheat-cc mix,9/29/23,1M,0,0,4,4,0,8,0,8,4,,,,,,,,,,,,,
406,4,alfalfa/oats,5/4/23,1M,0,0,0,0,0,0,0,0,0,3,0,2,2,2,,,,,0,0,11,11
406,4,alfalfa/oats,5/16/23,1M,3,0,0,0,0,3,3,0,3,,,,,,,,,,3,0,,
406,4,alfalfa/oats,5/22/23,1M,0,0,0,0,0,0,0,0,-3,,,,,,,,,,3,0,,
406,4,alfalfa/oats,5/30/23,1M,0,0,0,0,0,0,0,0,0,,,,,,,,,,3,0,,
406,4,alfalfa/oats,6/5/23,1M,0,0,0,0,0,0,0,0,0,,,,,,,,,,3,0,,
406,4,alfalfa/oats,6/13/23,1M,0,0,0,0,0,0,0,0,0,,,,,,,,,,3,0,,
406,4,alfalfa/oats,6/21/23,1M,0,0,0,0,0,0,0,0,0,,,,,,,,,,3,0,,
406,4,alfalfa/oats,6/28/23,1M,0,1,1,0,0,2,1,1,2,,,,,,,,,,3,1,,
406,4,alfalfa/oats,7/6/23,1M,0,0,2,0,0,2,0,2,0,,,,,,,,,,3,1,,
406,4,alfalfa/oats,7/12/23,1M,0,0,0,0,0,0,0,0,-2,,,,,,,,,,3,1,,
406,4,alfalfa/oats,7/18/23,1M,0,0,0,0,0,0,0,0,0,,,,,,,,,,3,1,,
406,4,alfalfa/oats,7/25/23,1M,0,1,0,1,0,2,1,1,2,,,,,,,,,,3,2,,
406,4,alfalfa/oats,7/31/23,1M,0,2,0,0,0,2,2,0,0,,,,,,,,,,3,4,,
406,4,alfalfa/oats,8/10/23,1M,0,2,0,0,0,2,2,0,0,,,,,,,,,,3,6,,
406,4,alfalfa/oats,8/15/23,1M,0,2,0,0,0,2,2,0,0,,,,,,,,,,3,8,,
406,4,alfalfa/oats,8/22/23,1M,0,0,0,0,0,0,0,0,-2,,,,,,,,,,3,8,,
406,4,alfalfa/oats,8/31/23,1M,0,0,0,0,0,0,0,0,0,,,,,,,,,,3,8,,
406,4,alfalfa/oats,9/8/23,1M,0,0,0,1,0,1,0,1,1,,,,,,,,,,3,8,,
406,4,alfalfa/oats,9/13/23,1M,0,0,0,0,0,0,0,0,-1,,,,,,,,,,3,8,,
406,4,alfalfa/oats,9/22/23,1M,0,0,0,0,0,0,0,0,0,,,,,,,,,,,,,
406,4,alfalfa/oats,9/29/23,1M,0,0,0,0,0,0,0,0,0,,,,,,,,,,,,,